timestamp,temperature,precipitation,wind_direction,wind_speed,humidity,visibility
2025-10-01T00:00:00.000Z,2.7,0,237,4.5,,
2025-10-01T01:00:00.000Z,2.6,0,238,4.8,,
2025-10-01T02:00:00.000Z,2.9,0,243,4.3,,
2025-10-01T03:00:00.000Z,3.4,0,247,5.1,,
2025-10-01T04:00:00.000Z,3.3,0,243,4.8,,
2025-10-01T05:00:00.000Z,3.3,0,235,4.2,,
2025-10-01T06:00:00.000Z,3.4,0,242,4.5,,
2025-10-01T07:00:00.000Z,4.2,0,230,4.8,,
2025-10-01T08:00:00.000Z,5.8,0,231,3.6,,
2025-10-01T09:00:00.000Z,5.6,0,229,5.3,,
2025-10-01T10:00:00.000Z,7.3,0,228,4.7,,
2025-10-01T11:00:00.000Z,5.6,0,228,5.5,,
2025-10-01T12:00:00.000Z,6.2,0,218,5.6,,
2025-10-01T13:00:00.000Z,5.5,0,212,5.9,,
2025-10-01T14:00:00.000Z,5,0,210,6.3,,
2025-10-01T15:00:00.000Z,5.3,0,214,5.8,,
2025-10-01T16:00:00.000Z,4.5,0,208,5.9,,
2025-10-01T17:00:00.000Z,3.8,0,203,4.8,,
2025-10-01T18:00:00.000Z,3.4,0,203,5.4,,
2025-10-01T19:00:00.000Z,3.6,0,204,6.2,,
2025-10-01T20:00:00.000Z,3.4,0,204,5.2,,
2025-10-01T21:00:00.000Z,3.1,0,197,6.3,,
2025-10-01T22:00:00.000Z,3,0,198,6.4,,
2025-10-01T23:00:00.000Z,2.8,0,198,6.1,,
2025-10-02T00:00:00.000Z,3.1,0,204,7.2,,
2025-10-02T01:00:00.000Z,3.7,0,202,6.6,,
2025-10-02T02:00:00.000Z,4,0,207,6.3,,
2025-10-02T03:00:00.000Z,4,0,204,6.2,,
2025-10-02T04:00:00.000Z,3.9,0,203,6.1,,
2025-10-02T05:00:00.000Z,3.9,0,202,6.2,,
2025-10-02T06:00:00.000Z,4,0,213,6,,
2025-10-02T07:00:00.000Z,4.1,0,211,6.2,,
2025-10-02T08:00:00.000Z,4.3,0,210,5.8,,
2025-10-02T09:00:00.000Z,5,0,215,6.4,,
2025-10-02T10:00:00.000Z,6,0,217,8.3,,
2025-10-02T11:00:00.000Z,6.7,0,216,8.9,,
2025-10-02T12:00:00.000Z,6.4,0,209,7.1,,
2025-10-02T13:00:00.000Z,6.2,0,211,8.1,,
2025-10-02T14:00:00.000Z,6.4,0,219,8.6,,
2025-10-02T15:00:00.000Z,5.8,0,210,6.8,,
2025-10-02T16:00:00.000Z,5.8,0,210,5.8,,
2025-10-02T17:00:00.000Z,5.7,0,218,5.9,,
2025-10-02T18:00:00.000Z,5.6,0,212,5.4,,
2025-10-02T19:00:00.000Z,5.5,0,206,5.3,,
2025-10-02T20:00:00.000Z,5.4,0,209,5.3,,
2025-10-02T21:00:00.000Z,5.3,0,212,3.9,,
2025-10-02T22:00:00.000Z,5.2,0,216,4.2,,
2025-10-02T23:00:00.000Z,5.2,0,218,3.9,,
2025-10-03T00:00:00.000Z,5,0,215,5.2,,
2025-10-03T01:00:00.000Z,5.1,0,207,5.1,,
2025-10-03T02:00:00.000Z,4.7,0,195,5.9,,
2025-10-03T03:00:00.000Z,4.2,0,213,6.6,,
2025-10-03T04:00:00.000Z,4,0,202,5.7,,
2025-10-03T05:00:00.000Z,4.4,0,198,5.8,,
2025-10-03T06:00:00.000Z,4.7,0,208,6.8,,
2025-10-03T07:00:00.000Z,4.6,0,210,6.6,,
2025-10-03T08:00:00.000Z,4.9,0,214,6.2,,
2025-10-03T09:00:00.000Z,4.4,0,201,5.9,,
2025-10-03T10:00:00.000Z,4.5,0,203,7.2,,
2025-10-03T11:00:00.000Z,5.3,0,206,8,,
2025-10-03T12:00:00.000Z,6.6,0,199,7.5,,
2025-10-03T13:00:00.000Z,6.4,0,196,6.4,,
2025-10-03T14:00:00.000Z,6.3,0,198,7.6,,
2025-10-03T15:00:00.000Z,6.1,0,189,6.5,,
2025-10-03T16:00:00.000Z,5.7,0,194,5.7,,
2025-10-03T17:00:00.000Z,5.1,0,185,5.8,,
2025-10-03T18:00:00.000Z,4.2,0,188,5.8,,
2025-10-03T19:00:00.000Z,4,0,184,6.8,,
2025-10-03T20:00:00.000Z,4,0,175,7.3,,
2025-10-03T21:00:00.000Z,3.9,0,177,7.8,,
2025-10-03T22:00:00.000Z,3.5,0,168,7.1,,
2025-10-03T23:00:00.000Z,2.9,0,171,7.8,,
2025-10-04T00:00:00.000Z,2.9,0,163,7.8,,
2025-10-04T01:00:00.000Z,3.1,0,165,9,,
2025-10-04T02:00:00.000Z,3.2,0,163,8.5,,
2025-10-04T03:00:00.000Z,2.8,0,161,9.4,,
2025-10-04T04:00:00.000Z,2.7,0,159,8.8,,
2025-10-04T05:00:00.000Z,2.8,0,162,9.4,,
2025-10-04T06:00:00.000Z,3,0,162,11.6,,
2025-10-05T07:00:00.000Z,2.7,0.4,143,3.6,,
2025-10-05T11:00:00.000Z,4.8,0.2,158,1.7,,
2025-10-05T12:00:00.000Z,4.9,0,154,2,,
2025-10-05T13:00:00.000Z,4.9,0.1,207,2.8,,
2025-10-05T14:00:00.000Z,5.3,0,196,2.9,,
2025-10-05T15:00:00.000Z,5.1,0,197,2.4,,
2025-10-05T16:00:00.000Z,4.3,0,189,2.5,,
2025-10-05T17:00:00.000Z,4.8,0,171,2.4,,
2025-10-05T18:00:00.000Z,4.7,0,204,2.1,,
2025-10-05T19:00:00.000Z,4.8,0,221,2.1,,
2025-10-05T20:00:00.000Z,4.3,0,222,1.8,,
2025-10-05T21:00:00.000Z,4.6,0,228,1.8,,
2025-10-05T22:00:00.000Z,4.7,0,255,1.9,,
2025-10-05T23:00:00.000Z,4.8,0,274,2.1,,
2025-10-06T00:00:00.000Z,4.7,0,263,2.1,,
2025-10-06T01:00:00.000Z,4.4,0,241,2.8,,
2025-10-06T02:00:00.000Z,3.8,0,251,3.2,,
2025-10-06T03:00:00.000Z,3.4,0,250,3,,
2025-10-06T04:00:00.000Z,3.8,0,284,2.7,,
2025-10-06T05:00:00.000Z,4.4,0,304,2.3,,
2025-10-06T06:00:00.000Z,5.1,0,341,1.9,,
2025-10-06T07:00:00.000Z,5.2,0,359,1.8,,
2025-10-06T08:00:00.000Z,6.3,0,6,1,,
2025-10-06T09:00:00.000Z,6.9,0,215,0.9,,
2025-10-06T10:00:00.000Z,6.9,0,193,1.8,,
2025-10-06T11:00:00.000Z,7.6,0,165,2.2,,
2025-10-06T12:00:00.000Z,7.5,0,143,2.6,,
2025-10-06T13:00:00.000Z,7.9,0,177,2.7,,
2025-10-06T14:00:00.000Z,8.9,0,192,3.1,,
2025-10-06T15:00:00.000Z,7.4,0,200,3.1,,
2025-10-06T16:00:00.000Z,6.4,0,191,2.7,,
2025-10-06T17:00:00.000Z,6,0,198,3.1,,
2025-10-06T18:00:00.000Z,5.5,0,197,4,,
2025-10-06T19:00:00.000Z,5.5,0,200,4.8,,
2025-10-06T20:00:00.000Z,5.4,0,206,5.8,,
2025-10-06T21:00:00.000Z,4.7,0,213,4.8,,
2025-10-06T22:00:00.000Z,4.7,0,200,3.8,,
2025-10-06T23:00:00.000Z,4.7,0,222,5.7,,
2025-10-07T00:00:00.000Z,4.4,0.2,213,5,,
2025-10-07T01:00:00.000Z,4.4,0.5,222,4.5,,
2025-10-07T02:00:00.000Z,5,0.4,241,5.6,,
2025-10-07T03:00:00.000Z,5.1,0,242,5.8,,
2025-10-07T04:00:00.000Z,5.3,0,221,3.3,,
2025-10-07T05:00:00.000Z,5.3,0,257,5.7,,
2025-10-07T06:00:00.000Z,5.4,0,263,6.3,,
2025-10-07T07:00:00.000Z,7.1,0,268,6.1,,
2025-10-07T08:00:00.000Z,7.1,0,261,5.6,,
2025-10-07T09:00:00.000Z,7.5,0,258,4.9,,
2025-10-07T10:00:00.000Z,7.6,0.1,243,5.2,,
2025-10-07T11:00:00.000Z,8,1,236,5.4,,
2025-10-07T12:00:00.000Z,8.7,0.1,219,4.3,,
2025-10-07T13:00:00.000Z,7.8,0.1,220,5.8,,
2025-10-07T14:00:00.000Z,8,0,231,3.3,,
2025-10-07T15:00:00.000Z,8,0.1,231,2.8,,
2025-10-07T16:00:00.000Z,7.9,1.8,254,5.5,,
2025-10-07T17:00:00.000Z,8.1,0.1,261,4.2,,
2025-10-07T18:00:00.000Z,8,0,259,5.3,,
2025-10-07T19:00:00.000Z,8.1,0,259,5.2,,
2025-10-07T20:00:00.000Z,7.8,0,259,4.2,,
2025-10-07T21:00:00.000Z,7.8,0,261,4.2,,
2025-10-07T22:00:00.000Z,7.8,0.3,273,4.2,,
2025-10-07T23:00:00.000Z,7.7,0.8,287,3.6,,
2025-10-08T00:00:00.000Z,6.3,0.9,18,3.2,,
2025-10-08T01:00:00.000Z,5.1,1,19,3.7,,
2025-10-08T02:00:00.000Z,4,1.1,5,3.9,,
2025-10-08T03:00:00.000Z,4,0.2,5,2.9,,
2025-10-08T04:00:00.000Z,3.7,0.2,18,2.9,,
2025-10-08T05:00:00.000Z,3.6,0.1,358,2.7,,
2025-10-08T06:00:00.000Z,3.6,0,350,0.9,,
2025-10-08T07:00:00.000Z,3.8,0.2,348,1,,
2025-10-08T08:00:00.000Z,4.1,0.3,58,0.9,,
2025-10-08T09:00:00.000Z,4.5,0.3,218,1.3,,
2025-10-08T10:00:00.000Z,5.1,0.1,190,2.6,,
2025-10-08T11:00:00.000Z,5,0,183,3.2,,
2025-10-08T12:00:00.000Z,6.6,0,223,3.8,,
2025-10-08T13:00:00.000Z,7.4,0,228,3.2,,
2025-10-08T14:00:00.000Z,7.9,0,236,4.7,,
2025-10-08T15:00:00.000Z,6.8,0,240,4.6,,
2025-10-08T16:00:00.000Z,3.9,0,314,5.1,,
2025-10-08T17:00:00.000Z,4,0,298,4.8,,
2025-10-08T18:00:00.000Z,3.1,0,324,3.9,,
2025-10-08T19:00:00.000Z,2.5,0,301,3.5,,
2025-10-08T20:00:00.000Z,2,0,253,3.1,,
2025-10-08T21:00:00.000Z,2.4,0,211,0.8,,
2025-10-08T22:00:00.000Z,2.6,0,234,3.5,,
2025-10-08T23:00:00.000Z,2,0,216,3.9,,
2025-10-09T00:00:00.000Z,2.5,0,229,4,,
2025-10-09T01:00:00.000Z,3.5,0,219,4.4,,
2025-10-09T02:00:00.000Z,3.1,0,230,5.1,,
2025-10-09T03:00:00.000Z,3.2,0,247,5.6,,
2025-10-09T04:00:00.000Z,2.9,0,231,6.1,,
2025-10-09T05:00:00.000Z,3.8,0,240,6.2,,
2025-10-09T06:00:00.000Z,4,0,233,6.2,,
2025-10-09T07:00:00.000Z,4.2,0,232,6.4,,
2025-10-09T08:00:00.000Z,3.9,0.1,230,6.3,,
2025-10-09T09:00:00.000Z,4.7,0.1,236,7.4,,
2025-10-09T10:00:00.000Z,4.8,0,236,5.9,,
2025-10-09T11:00:00.000Z,5.5,0,249,7.8,,
2025-10-09T12:00:00.000Z,7.6,0,249,8.1,,
2025-10-09T13:00:00.000Z,7.9,0,246,6.2,,
2025-10-09T14:00:00.000Z,7.9,0,213,2.2,,
2025-10-09T15:00:00.000Z,2.5,3.5,292,7.4,,
2025-10-09T16:00:00.000Z,3,2.2,318,3.7,,
2025-10-09T17:00:00.000Z,2.5,0,334,2.3,,
2025-10-09T18:00:00.000Z,2.2,0,301,3.5,,
2025-10-09T19:00:00.000Z,1.3,0,300,3.2,,
2025-10-09T20:00:00.000Z,2,0,272,4.8,,
2025-10-09T21:00:00.000Z,1.7,0,251,5.2,,
2025-10-09T22:00:00.000Z,1.5,0,256,5,,
2025-10-09T23:00:00.000Z,1.2,0,248,6,,
2025-10-10T00:00:00.000Z,0.8,0,239,4.6,,
2025-10-10T01:00:00.000Z,0.8,0,246,5.1,,
2025-10-10T02:00:00.000Z,1.1,0,272,6.6,,
2025-10-10T03:00:00.000Z,1.2,0,265,6.2,,
2025-10-10T04:00:00.000Z,1.7,0,279,6.2,,
2025-10-10T05:00:00.000Z,1.5,0,286,6.4,,
2025-10-10T06:00:00.000Z,2,0,278,7.7,,
2025-10-10T07:00:00.000Z,2.4,0,273,5.8,,
2025-10-10T08:00:00.000Z,2.2,0,255,6.5,,
2025-10-10T09:00:00.000Z,3.3,0,253,5.6,,
2025-10-10T10:00:00.000Z,3.2,0,240,4.7,,
2025-10-10T11:00:00.000Z,3.9,0,242,5.9,,
2025-10-10T12:00:00.000Z,3.3,0,199,5.2,,
2025-10-10T13:00:00.000Z,3.9,0,215,5.6,,
2025-10-10T14:00:00.000Z,5.1,0,235,6.6,,
2025-10-10T15:00:00.000Z,5,0,250,7.1,,
2025-10-10T16:00:00.000Z,5.5,0,260,8.2,,
2025-10-10T17:00:00.000Z,6.3,0,265,10.4,,
2025-10-10T18:00:00.000Z,6.2,0,268,12.5,,
2025-10-10T19:00:00.000Z,6.6,0,283,11.8,,
2025-10-10T20:00:00.000Z,6.7,0,286,15.1,,
2025-10-10T21:00:00.000Z,5.9,0,291,13.4,,
2025-10-10T22:00:00.000Z,5.3,0,298,16.1,,
2025-10-10T23:00:00.000Z,4.2,0,301,11.6,,
2025-10-11T00:00:00.000Z,4.2,0,303,10.9,,
2025-10-11T01:00:00.000Z,4,0,314,10.5,,
2025-10-11T02:00:00.000Z,3.3,0,310,7.6,,
2025-10-11T03:00:00.000Z,2.7,0,303,5.5,,
2025-10-11T04:00:00.000Z,2.5,0,290,4.5,,
2025-10-11T05:00:00.000Z,2.4,0.1,291,6,,
2025-10-11T06:00:00.000Z,2.2,0,302,7.4,,
2025-10-11T07:00:00.000Z,2.8,0,298,6.9,,
2025-10-11T08:00:00.000Z,3,0,295,6.6,,
2025-10-11T09:00:00.000Z,4,0,299,7.6,,
2025-10-11T10:00:00.000Z,4.2,0,303,9.8,,
2025-10-11T11:00:00.000Z,4.4,0,302,6.5,,
2025-10-11T12:00:00.000Z,4.6,0,293,6.3,,
2025-10-11T13:00:00.000Z,4.7,0,300,5.7,,
2025-10-11T14:00:00.000Z,4.3,0,274,5.9,,
2025-10-11T15:00:00.000Z,4,0,275,4.8,,
2025-10-11T16:00:00.000Z,2.8,0,253,4.9,,
2025-10-11T17:00:00.000Z,2.5,0.2,258,5.6,,
2025-10-11T18:00:00.000Z,2.6,0.1,276,5.8,,
2025-10-11T19:00:00.000Z,2.4,0.2,263,4.2,,
2025-10-11T20:00:00.000Z,2.6,0,295,3.6,,
2025-10-11T21:00:00.000Z,2.4,0.3,333,3.9,,
2025-10-11T22:00:00.000Z,1.8,0,348,4.7,,
2025-10-11T23:00:00.000Z,1.2,0,335,4.9,,
2025-10-12T00:00:00.000Z,1.3,0,317,5.7,,
2025-10-12T01:00:00.000Z,1.3,0,331,9.1,,
2025-10-12T02:00:00.000Z,0.8,0,330,9.7,,
2025-10-12T03:00:00.000Z,0.7,0,328,8.5,,
2025-10-12T04:00:00.000Z,1.1,0,334,8.6,,
2025-10-12T05:00:00.000Z,1.3,0,331,8.8,,
2025-10-12T06:00:00.000Z,1.6,0,330,9.4,,
2025-10-12T07:00:00.000Z,2.3,0,335,7.2,,
2025-10-12T08:00:00.000Z,3,0,329,8.7,,
2025-10-12T09:00:00.000Z,3.8,0,338,8.6,,
2025-10-12T10:00:00.000Z,4.3,0,330,8.1,,
2025-10-12T11:00:00.000Z,4.5,0,334,7.6,,
2025-10-12T12:00:00.000Z,5,0,343,7,,
2025-10-12T13:00:00.000Z,5.1,0,337,6.2,,
2025-10-12T14:00:00.000Z,4.6,0,334,6.8,,
2025-10-12T15:00:00.000Z,3.5,0,321,6,,
2025-10-12T16:00:00.000Z,2.2,0,332,3.6,,
2025-10-12T17:00:00.000Z,1.7,0,314,6.5,,
2025-10-12T18:00:00.000Z,1.3,0,315,6.3,,
2025-10-12T19:00:00.000Z,1.1,0,316,6.9,,
2025-10-12T20:00:00.000Z,1,0,323,6.5,,
2025-10-12T21:00:00.000Z,1.2,0,327,7.2,,
2025-10-12T22:00:00.000Z,1,0,328,6.9,,
2025-10-12T23:00:00.000Z,0.5,0,323,5.8,,
2025-10-13T00:00:00.000Z,0.8,0,321,6,,
2025-10-13T01:00:00.000Z,0.4,0,325,5.4,,
2025-10-13T02:00:00.000Z,0.6,0,319,6,,
2025-10-13T03:00:00.000Z,1.1,0,327,5.3,,
2025-10-13T04:00:00.000Z,1.2,0,318,4.5,,
2025-10-13T05:00:00.000Z,0.9,0,307,3.8,,
2025-10-13T06:00:00.000Z,1.3,0,322,3.1,,
2025-10-13T07:00:00.000Z,1.9,0,310,4,,
2025-10-13T08:00:00.000Z,2.5,0,339,2.7,,
2025-10-13T09:00:00.000Z,2.1,0.2,303,2.7,,
2025-10-13T10:00:00.000Z,1.2,1.5,287,1.1,,
2025-10-13T11:00:00.000Z,1.8,1,253,3,,
2025-10-13T12:00:00.000Z,2,0.3,244,3.8,,
2025-10-13T13:00:00.000Z,2.5,0,248,4.9,,
2025-10-13T14:00:00.000Z,3.3,0.1,264,4,,
2025-10-13T15:00:00.000Z,4.1,0.6,283,3.2,,
2025-10-13T16:00:00.000Z,4.6,0.6,294,3.5,,
2025-10-13T17:00:00.000Z,4.9,0.1,303,3.5,,
2025-10-13T18:00:00.000Z,5.1,0.3,308,4,,
2025-10-13T19:00:00.000Z,5.6,0.4,333,3.1,,
2025-10-13T20:00:00.000Z,5.4,0.6,356,2.5,,
2025-10-13T21:00:00.000Z,5.6,0.1,347,2.8,,
2025-10-13T22:00:00.000Z,5.5,0.4,347,2,,
2025-10-13T23:00:00.000Z,5.8,0.5,333,3,,
2025-10-14T00:00:00.000Z,5.9,1.1,338,3.3,,
2025-10-14T01:00:00.000Z,5.8,0.3,337,4,,
2025-10-14T02:00:00.000Z,5.9,0.2,335,4.3,,
2025-10-14T03:00:00.000Z,5.7,0.1,337,3.8,,
2025-10-14T04:00:00.000Z,5.9,0,332,3.6,,
2025-10-14T05:00:00.000Z,5.9,0.2,329,4.1,,
2025-10-14T06:00:00.000Z,5.9,0.1,333,4.1,,
2025-10-14T07:00:00.000Z,6.1,0.2,328,3.7,,
2025-10-14T08:00:00.000Z,6.6,0,325,4.6,,
2025-10-14T09:00:00.000Z,6.8,0.1,327,4.8,,
2025-10-14T10:00:00.000Z,7,0.1,341,4.6,,
2025-10-14T11:00:00.000Z,7.4,0,338,3.9,,
2025-10-14T12:00:00.000Z,7.3,0.1,335,3.3,,
2025-10-14T13:00:00.000Z,8.4,0,341,4.7,,
2025-10-14T14:00:00.000Z,7.3,0,331,5.6,,
2025-10-14T15:00:00.000Z,7,0,321,3.9,,
2025-10-14T16:00:00.000Z,7.1,0,329,5.8,,
2025-10-14T17:00:00.000Z,6.2,0,319,4.2,,
2025-10-14T18:00:00.000Z,6,0,320,5.6,,
2025-10-14T19:00:00.000Z,5.9,0,312,6.6,,
2025-10-14T20:00:00.000Z,6.7,0,325,5.3,,
2025-10-14T21:00:00.000Z,6.2,0,319,7.3,,
2025-10-14T22:00:00.000Z,5.7,0,310,4.9,,
2025-10-14T23:00:00.000Z,5.9,0,299,5.8,,
2025-10-15T00:00:00.000Z,5.5,0,282,5.2,,
2025-10-15T01:00:00.000Z,6,0,285,7.4,,
2025-10-15T02:00:00.000Z,5.3,0,273,4.9,,
2025-10-15T03:00:00.000Z,5.4,0,288,4.9,,
2025-10-15T04:00:00.000Z,5.9,0,318,3.9,,
2025-10-15T05:00:00.000Z,5.8,0,301,6.2,,
2025-10-15T06:00:00.000Z,5.8,0,302,5.5,,
2025-10-15T07:00:00.000Z,5.8,0,304,3.3,,
2025-10-15T08:00:00.000Z,6.1,0,308,3.9,,
2025-10-15T09:00:00.000Z,6.5,0,314,5.5,,
2025-10-15T10:00:00.000Z,7,0,309,6,,
2025-10-15T11:00:00.000Z,7.3,0,323,3.2,,
2025-10-15T12:00:00.000Z,7.7,0,311,6.6,,
2025-10-15T13:00:00.000Z,7.2,0,262,4.5,,
2025-10-15T14:00:00.000Z,6.9,0,295,6.4,,
2025-10-15T15:00:00.000Z,6.6,0,269,3.8,,
2025-10-15T16:00:00.000Z,6,0,289,8.5,,
2025-10-15T17:00:00.000Z,6,0,278,6.5,,
2025-10-15T18:00:00.000Z,6.1,0,277,10.4,,
2025-10-15T19:00:00.000Z,5.8,0,272,9.3,,
2025-10-15T20:00:00.000Z,5.6,0,268,9,,
2025-10-15T21:00:00.000Z,5.4,0,267,8.6,,
2025-10-15T22:00:00.000Z,6,0,277,8.4,,
2025-10-15T23:00:00.000Z,5.3,0,275,7.7,,
2025-10-16T00:00:00.000Z,5.5,0,291,8.1,,
2025-10-16T01:00:00.000Z,4.3,0,308,9.1,,
2025-10-16T02:00:00.000Z,3.5,0,306,8,,
2025-10-16T03:00:00.000Z,1.6,0,330,5.3,,
2025-10-16T04:00:00.000Z,1,0,303,7.7,,
2025-10-16T05:00:00.000Z,0.7,0,301,6.6,,
2025-10-16T06:00:00.000Z,0.1,0,303,5.5,,
2025-10-16T07:00:00.000Z,0.1,0,309,5,,
2025-10-16T08:00:00.000Z,0.4,0,304,5.8,,
2025-10-16T09:00:00.000Z,1.3,0,308,6.7,,
2025-10-16T10:00:00.000Z,1.5,0,286,6.7,,
2025-10-16T11:00:00.000Z,1.8,0,286,6.7,,
2025-10-16T12:00:00.000Z,1.1,0,289,5.6,,
2025-10-16T13:00:00.000Z,1.4,0,285,6.6,,
2025-10-16T14:00:00.000Z,1.4,0,289,8.3,,
2025-10-16T15:00:00.000Z,0.4,0,286,6.5,,
2025-10-16T16:00:00.000Z,-0.1,0,287,6.3,,
2025-10-16T17:00:00.000Z,-0.6,0,288,6.2,,
2025-10-16T18:00:00.000Z,-0.9,0,283,5.1,,
2025-10-16T19:00:00.000Z,-1.2,0,293,5.4,,
2025-10-16T20:00:00.000Z,-1.3,0,296,5.1,,
2025-10-16T21:00:00.000Z,-1.4,0,291,4.1,,
2025-10-16T22:00:00.000Z,-1.5,0,286,4.7,,
2025-10-16T23:00:00.000Z,-1.2,0,287,4.5,,
2025-10-17T00:00:00.000Z,-1.4,0,292,5.6,,
2025-10-17T01:00:00.000Z,-1.3,0,298,5,,
2025-10-17T02:00:00.000Z,-1.4,0,296,4.4,,
2025-10-17T03:00:00.000Z,-1.1,0,294,5.6,,
2025-10-17T04:00:00.000Z,-1.4,0,299,4.3,,
2025-10-17T05:00:00.000Z,-1.8,0,302,5.5,,
2025-10-17T06:00:00.000Z,-1.9,0,308,4.7,,
2025-10-17T07:00:00.000Z,-1.8,0,330,5.5,,
2025-10-17T08:00:00.000Z,-1.1,0,337,5.4,,
2025-10-17T09:00:00.000Z,-0.1,0,334,5.7,,
2025-10-17T10:00:00.000Z,0.1,0,341,5.2,,
2025-10-17T11:00:00.000Z,0.9,0,344,4.3,,
2025-10-17T12:00:00.000Z,0.9,0,347,4.6,,
2025-10-17T13:00:00.000Z,0.6,0,335,5.3,,
2025-10-17T14:00:00.000Z,0.5,0,345,5,,
2025-10-17T15:00:00.000Z,-0.5,0,335,3.8,,
2025-10-17T16:00:00.000Z,-1.1,0,329,5.1,,
2025-10-17T17:00:00.000Z,-1.4,0,323,4.1,,
2025-10-17T18:00:00.000Z,-1.7,0,311,4.8,,
2025-10-17T19:00:00.000Z,-1.5,0,326,5.4,,
2025-10-17T20:00:00.000Z,-1.7,0,312,4.5,,
2025-10-17T21:00:00.000Z,-1.5,0,299,3.9,,
2025-10-17T22:00:00.000Z,-1.8,0,293,3.9,,
2025-10-17T23:00:00.000Z,-2,0,290,4.1,,
2025-10-18T00:00:00.000Z,-1.9,0,288,5.4,,
2025-10-18T01:00:00.000Z,-2.1,0,277,5,,
2025-10-18T02:00:00.000Z,-2,0,276,5.2,,
2025-10-18T03:00:00.000Z,-2.3,0,272,5,,
2025-10-18T04:00:00.000Z,-2.2,0,265,5.3,,
2025-10-18T05:00:00.000Z,-2,0,265,5.6,,
2025-10-18T06:00:00.000Z,-2.1,0,263,5.2,,
2025-10-18T07:00:00.000Z,-1.5,0,267,6.2,,
2025-10-18T08:00:00.000Z,-0.1,0,269,6.6,,
2025-10-18T09:00:00.000Z,0.6,0,276,6.2,,
2025-10-18T10:00:00.000Z,1.3,0,270,5.7,,
2025-10-18T11:00:00.000Z,1.9,0,277,7.3,,
2025-10-18T12:00:00.000Z,2.2,0,276,4.5,,
2025-10-18T13:00:00.000Z,2.3,0,271,5,,
2025-10-18T14:00:00.000Z,2.4,0,267,4.8,,
2025-10-18T15:00:00.000Z,1.5,0,277,6.1,,
2025-10-18T16:00:00.000Z,0.8,0,274,6.2,,
2025-10-18T17:00:00.000Z,0.7,0,283,6.3,,
2025-10-18T18:00:00.000Z,0.4,0,274,5,,
2025-10-18T19:00:00.000Z,0.2,0,273,5.3,,
2025-10-18T20:00:00.000Z,0.4,0,271,6.6,,
2025-10-18T21:00:00.000Z,0.1,0,267,5.4,,
2025-10-18T22:00:00.000Z,0,0,268,5.6,,
2025-10-18T23:00:00.000Z,-0.1,0,261,5.8,,
2025-10-19T00:00:00.000Z,-0.1,0,256,6.6,,
2025-10-19T01:00:00.000Z,0.2,0,266,6.7,,
2025-10-19T02:00:00.000Z,0.1,0,254,5.1,,
2025-10-19T03:00:00.000Z,0.3,0,265,5.2,,
2025-10-19T04:00:00.000Z,0.7,0,273,5.3,,
2025-10-19T05:00:00.000Z,-0.1,0,269,5.6,,
2025-10-19T06:00:00.000Z,0.4,0,268,5.2,,
2025-10-19T07:00:00.000Z,1.5,0,265,5,,
2025-10-19T08:00:00.000Z,2.3,0,244,3.9,,
2025-10-19T09:00:00.000Z,4.4,0,273,7,,
2025-10-19T10:00:00.000Z,4.3,0,267,6.5,,
2025-10-19T11:00:00.000Z,5.7,0,267,5.6,,
2025-10-19T12:00:00.000Z,5.3,0,278,6.3,,
2025-10-19T13:00:00.000Z,5.1,0,282,5.7,,
2025-10-19T14:00:00.000Z,4.3,0,264,6.7,,
2025-10-19T15:00:00.000Z,3.6,0,208,2.2,,
2025-10-19T16:00:00.000Z,3,0,254,3.8,,
2025-10-19T17:00:00.000Z,2.6,0,262,3.9,,
2025-10-19T18:00:00.000Z,2.9,0,263,4.3,,
2025-10-19T19:00:00.000Z,2.5,0,269,4.3,,
2025-10-19T20:00:00.000Z,2.1,0,263,4.8,,
2025-10-19T21:00:00.000Z,1.8,0,254,4.9,,
2025-10-19T22:00:00.000Z,1.6,0,248,4.5,,
2025-10-19T23:00:00.000Z,2.2,0,252,4.1,,
2025-10-20T00:00:00.000Z,2,0,263,3.9,,
2025-10-20T01:00:00.000Z,2.6,0,260,2.9,,
2025-10-20T02:00:00.000Z,1.3,0,258,4.2,,
2025-10-20T03:00:00.000Z,0.9,0,260,5.4,,
2025-10-20T04:00:00.000Z,1.6,0,264,6.2,,
2025-10-20T05:00:00.000Z,0.1,0,263,6.1,,
2025-10-20T06:00:00.000Z,-0.4,0,258,5,,
2025-10-20T07:00:00.000Z,0.2,0,261,5.1,,
2025-10-20T08:00:00.000Z,0,0,266,5.2,,
2025-10-20T09:00:00.000Z,-0.2,0,251,6.9,,
2025-10-20T10:00:00.000Z,0.1,0,240,4.6,,
2025-10-20T11:00:00.000Z,0.4,0,234,3.4,,
2025-10-20T12:00:00.000Z,0.6,0,228,5.3,,
2025-10-20T13:00:00.000Z,0.7,0,234,5.2,,
2025-10-20T14:00:00.000Z,1.3,0,231,4.1,,
2025-10-20T15:00:00.000Z,1.2,0,223,4.7,,
2025-10-20T16:00:00.000Z,0.3,0,221,6.2,,
2025-10-20T17:00:00.000Z,1.2,0,228,5.1,,
2025-10-20T18:00:00.000Z,-0.3,0,214,8.5,,
2025-10-20T19:00:00.000Z,-1,0,221,7.5,,
2025-10-20T20:00:00.000Z,-0.5,0,223,6,,
2025-10-20T21:00:00.000Z,-0.4,0,222,5.1,,
2025-10-20T22:00:00.000Z,-0.1,0,192,3.7,,
2025-10-20T23:00:00.000Z,0.2,0,205,4,,
2025-10-21T00:00:00.000Z,0.4,0,225,6.2,,
2025-10-21T01:00:00.000Z,0.7,0,217,5.1,,
2025-10-21T02:00:00.000Z,1.7,0,224,6.6,,
2025-10-21T03:00:00.000Z,1,0,226,6.3,,
2025-10-21T04:00:00.000Z,0.9,0.1,226,5.4,,
2025-10-21T05:00:00.000Z,0,0,194,5,,
2025-10-21T06:00:00.000Z,-0.1,0,188,6,,
2025-10-25T07:00:00.000Z,3.1,2.2,86,4.2,,
2025-10-25T08:00:00.000Z,3.1,2.3,87,3.9,,
2025-10-25T09:00:00.000Z,3.3,1.4,81,3.8,,
2025-10-25T10:00:00.000Z,3.4,1,85,3.4,,
2025-10-25T11:00:00.000Z,3.8,0.6,85,3.3,,
2025-10-25T12:00:00.000Z,4.1,0.6,85,2.9,,
2025-10-25T13:00:00.000Z,4,0.4,80,2.9,,
2025-10-25T17:00:00.000Z,3.9,0.7,94,2.3,,
2025-10-25T18:00:00.000Z,3.9,0.8,72,2.2,,
2025-10-25T19:00:00.000Z,3.9,1,57,2,,
2025-10-25T20:00:00.000Z,3.8,1,40,1.9,,
2025-10-25T21:00:00.000Z,3.7,1.2,40,1.9,,
2025-10-25T22:00:00.000Z,3.5,1.4,39,2.2,,
2025-10-25T23:00:00.000Z,3.4,1.4,29,2.3,,
2025-10-26T00:00:00.000Z,3.2,1.7,25,2.3,,
2025-10-26T01:00:00.000Z,2.9,1.9,25,3,,
2025-10-26T02:00:00.000Z,2.6,2.2,12,3.6,,
2025-10-26T03:00:00.000Z,1.5,2,5,4.4,,
2025-10-26T04:00:00.000Z,0.7,1.6,353,4.2,,
2025-10-26T05:00:00.000Z,0.3,0.4,350,4.2,,
2025-10-26T06:00:00.000Z,0,0.1,345,4.1,,
2025-10-26T07:00:00.000Z,0.1,0.1,340,4,,
2025-10-26T08:00:00.000Z,0.5,0.2,345,2.9,,
2025-10-26T09:00:00.000Z,0.9,0.1,348,2.4,,
2025-10-26T10:00:00.000Z,1.5,0,282,1,,
2025-10-26T11:00:00.000Z,2,0,256,2,,
2025-10-26T12:00:00.000Z,1.9,0,244,3.6,,
2025-10-26T13:00:00.000Z,1.8,0,254,3,,
2025-10-26T14:00:00.000Z,1.8,0,259,2.8,,
2025-10-26T15:00:00.000Z,1.3,0,248,4.3,,
2025-10-26T16:00:00.000Z,1.9,0,255,3.8,,
2025-10-26T17:00:00.000Z,1.7,0,243,3.4,,
2025-10-26T18:00:00.000Z,1.3,0,238,2.6,,
2025-10-26T19:00:00.000Z,1.4,0,242,3.4,,
2025-10-26T20:00:00.000Z,1.7,0,261,3.9,,
2025-10-26T21:00:00.000Z,1.9,0,257,3.6,,
2025-10-26T22:00:00.000Z,1.8,0,269,3.2,,
2025-10-26T23:00:00.000Z,1.6,0,267,2.9,,
2025-10-27T00:00:00.000Z,1.8,0,264,2.9,,
2025-10-27T01:00:00.000Z,1.8,0,269,3.2,,
2025-10-27T02:00:00.000Z,1.5,0,271,2.8,,
2025-10-27T03:00:00.000Z,1.3,0,271,3,,
2025-10-27T04:00:00.000Z,1.9,0,258,2.5,,
2025-10-27T05:00:00.000Z,1.9,0,271,2.3,,
2025-10-27T06:00:00.000Z,2,0,277,2.2,,
2025-10-27T07:00:00.000Z,2,0,278,2.7,,
2025-10-27T08:00:00.000Z,2.3,0,290,1.5,,
2025-10-27T09:00:00.000Z,2.7,0,293,1.6,,
2025-10-27T10:00:00.000Z,3.1,0,306,2.1,,
2025-10-27T11:00:00.000Z,3.1,0,288,2.4,,
2025-10-27T12:00:00.000Z,2.7,0.4,318,2.7,,
2025-10-27T13:00:00.000Z,3.1,0.5,275,2.3,,
2025-10-27T14:00:00.000Z,3,0,272,2,,
2025-10-27T15:00:00.000Z,2.4,0,276,2.7,,
2025-10-27T16:00:00.000Z,2.6,0,259,2.3,,
2025-10-27T17:00:00.000Z,2.3,0,288,3.2,,
2025-10-27T18:00:00.000Z,2.4,0,281,3.3,,
2025-10-27T19:00:00.000Z,2.3,0,287,3.1,,
2025-10-27T20:00:00.000Z,2.2,0,270,3.7,,
2025-10-27T21:00:00.000Z,2.2,0,287,2.9,,
2025-10-27T22:00:00.000Z,2.1,0,294,3.2,,
2025-10-27T23:00:00.000Z,2,0,297,3.6,,
2025-10-28T00:00:00.000Z,1.8,0,299,2.8,,
2025-10-28T01:00:00.000Z,1.8,0,290,2.9,,
2025-10-28T02:00:00.000Z,1.7,0,300,3.5,,
2025-10-28T03:00:00.000Z,1.5,0,294,3.6,,
2025-10-28T04:00:00.000Z,1.4,0,289,3.5,,
2025-10-28T05:00:00.000Z,1.3,0,288,3.1,,
2025-10-28T06:00:00.000Z,1.2,0,285,3,,
2025-10-28T07:00:00.000Z,1.5,0,291,3.1,,
2025-10-28T08:00:00.000Z,1.4,0,283,3.7,,
2025-10-28T09:00:00.000Z,1.7,0,283,2.6,,
2025-10-28T10:00:00.000Z,2,0,291,2.4,,
2025-10-28T11:00:00.000Z,2.5,0,304,1.9,,
2025-10-28T12:00:00.000Z,2.8,0,343,1,,
2025-10-28T13:00:00.000Z,2.5,0,7,0.8,,
2025-10-28T14:00:00.000Z,1.8,0,18,1.2,,
2025-10-28T15:00:00.000Z,1.6,0,323,0.8,,
2025-10-28T16:00:00.000Z,1.1,0,339,1.3,,
2025-10-28T17:00:00.000Z,1,0,334,1.4,,
2025-10-28T18:00:00.000Z,0.8,0,59,1.5,,
2025-10-28T19:00:00.000Z,0.5,0,39,1.4,,
2025-10-28T20:00:00.000Z,0.5,0,0,0,,
2025-10-28T21:00:00.000Z,0.3,0,276,0.8,,
2025-10-28T22:00:00.000Z,0.3,0,257,1,,
2025-10-28T23:00:00.000Z,0.4,0,262,1.6,,
2025-10-29T00:00:00.000Z,0.3,0,268,1.5,,
2025-10-29T01:00:00.000Z,0.2,0,295,0.9,,
2025-10-29T02:00:00.000Z,0,0,289,1.1,,
2025-10-29T03:00:00.000Z,-0.9,0,72,1.1,,
2025-10-29T04:00:00.000Z,-1.2,0,356,1.3,,
2025-10-29T05:00:00.000Z,-1.2,0,258,1.9,,
2025-10-29T06:00:00.000Z,-1.3,0,229,2.2,,
2025-10-29T07:00:00.000Z,-0.9,0,208,1.7,,
2025-10-29T08:00:00.000Z,-0.2,0,199,1.7,,
2025-10-29T09:00:00.000Z,0,0,199,1.4,,
2025-10-29T10:00:00.000Z,0.2,0,194,0.9,,
2025-10-29T11:00:00.000Z,0.6,0,0,0,,
2025-10-29T12:00:00.000Z,0.8,0,194,0.8,,
2025-10-29T13:00:00.000Z,0.4,0,166,1.7,,
2025-10-29T14:00:00.000Z,0,0,204,1.5,,
2025-10-29T15:00:00.000Z,-0.4,0,199,2.3,,
2025-10-29T16:00:00.000Z,-1,0,200,3,,
2025-10-29T17:00:00.000Z,-1.3,0,212,2.3,,
2025-10-29T18:00:00.000Z,-1.9,0,211,1.5,,
2025-10-29T19:00:00.000Z,-1.7,0,209,3.2,,
2025-10-29T20:00:00.000Z,-2.2,0,223,3.1,,
2025-10-29T21:00:00.000Z,-2.4,0,239,2.8,,
2025-10-29T22:00:00.000Z,-2.8,0,242,2.6,,
2025-10-29T23:00:00.000Z,-2.8,0,216,2.8,,
2025-10-30T00:00:00.000Z,-2.8,0,245,2.1,,
2025-10-30T01:00:00.000Z,-2.8,0,207,1.9,,
2025-10-30T02:00:00.000Z,-2.7,0.1,199,1.8,,
2025-10-30T03:00:00.000Z,-2.8,0,173,1.1,,
2025-10-30T04:00:00.000Z,-2.4,0,156,1,,
2025-10-30T05:00:00.000Z,-2.3,0,125,0.8,,
2025-10-30T06:00:00.000Z,-2.1,0.1,129,1.2,,
2025-10-31T07:00:00.000Z,-1.9,0,357,3.4,,
2025-10-31T08:00:00.000Z,-1.7,0.1,358,2.8,,
2025-10-31T09:00:00.000Z,-1.5,0,354,2.5,,
2025-10-31T10:00:00.000Z,-1.4,0,349,2.2,,
2025-10-31T11:00:00.000Z,-1.3,0,5,2.6,,
2025-10-31T12:00:00.000Z,-1.6,0,7,2.8,,
2025-10-31T13:00:00.000Z,-1.5,0,357,1.7,,
2025-10-31T14:00:00.000Z,-1.5,0,325,0.9,,
2025-10-31T15:00:00.000Z,-1.5,0,21,0.6,,
2025-10-31T16:00:00.000Z,-1.5,0,114,1,,
2025-10-31T17:00:00.000Z,-1.5,0,138,1.5,,
2025-10-31T18:00:00.000Z,-1.6,0,118,1.4,,
2025-10-31T19:00:00.000Z,-1.6,0,188,2.2,,
2025-10-31T20:00:00.000Z,-1.7,0.1,174,2.2,,
2025-10-31T21:00:00.000Z,-2.1,0.1,184,2.5,,
2025-10-31T22:00:00.000Z,-2.3,0.1,184,2.7,,
2025-11-01T01:00:00.000Z,-2.8,0,190,4.7,,
2025-11-01T02:00:00.000Z,-3.1,0,193,6,,
2025-11-01T03:00:00.000Z,-3.2,0,203,4.8,,
2025-11-01T04:00:00.000Z,-3.2,0.1,197,5.1,,
2025-11-01T05:00:00.000Z,-3.6,0,196,5.4,,
2025-11-01T06:00:00.000Z,-3.4,0,194,6.3,,
2025-11-01T07:00:00.000Z,-3.2,0,197,6.2,,
2025-11-01T08:00:00.000Z,-2.4,0.2,183,5.2,,
2025-11-01T09:00:00.000Z,-2.3,0,190,5.8,,
2025-11-01T10:00:00.000Z,-2.1,0,188,6,,
2025-11-01T11:00:00.000Z,-1.8,0.2,190,5.7,,
2025-11-01T12:00:00.000Z,-1.7,0.1,186,5.1,,
2025-11-01T13:00:00.000Z,-1.4,0,171,5,,
2025-11-01T14:00:00.000Z,-1,0,172,4.4,,
2025-11-01T15:00:00.000Z,-0.9,0,146,3.1,,
2025-11-01T16:00:00.000Z,-0.8,0,165,4,,
2025-11-01T17:00:00.000Z,-0.5,0,168,4.9,,
2025-11-01T18:00:00.000Z,-0.3,0,164,6.2,,
2025-11-01T19:00:00.000Z,-0.2,0.1,158,4.9,,
2025-11-01T20:00:00.000Z,0,0,151,4.6,,
2025-11-01T21:00:00.000Z,0,0.1,152,4.4,,
2025-11-01T22:00:00.000Z,0,0,152,4.7,,
2025-11-01T23:00:00.000Z,0.8,0.6,144,5.6,,
2025-11-02T00:00:00.000Z,1.1,1.7,149,5.2,,
2025-11-02T01:00:00.000Z,1,2.5,155,5.4,,
2025-11-02T02:00:00.000Z,0.9,1.8,158,4.8,,
2025-11-02T03:00:00.000Z,1.5,1.6,162,5.3,,
2025-11-02T04:00:00.000Z,1.7,0.4,176,3.5,,
2025-11-02T05:00:00.000Z,2.2,0.1,201,4,,
2025-11-02T06:00:00.000Z,1.9,0,236,4.2,,
2025-11-02T07:00:00.000Z,2.4,0,224,5.6,,
2025-11-02T08:00:00.000Z,2.7,0,241,6.3,,
2025-11-02T09:00:00.000Z,3.2,0,254,6.2,,
2025-11-02T10:00:00.000Z,3.9,0,247,3.7,,
2025-11-02T11:00:00.000Z,4.2,0,235,4.2,,
2025-11-02T12:00:00.000Z,4,0,213,1.5,,
2025-11-02T13:00:00.000Z,3.7,0,206,3.3,,
2025-11-02T14:00:00.000Z,3.1,0,215,4.7,,
2025-11-02T15:00:00.000Z,2.8,0,222,4.1,,
2025-11-02T16:00:00.000Z,2.7,0,228,5.2,,
2025-11-02T17:00:00.000Z,2.4,0,229,2.9,,
2025-11-02T18:00:00.000Z,2.4,0,208,3,,
2025-11-02T19:00:00.000Z,2.3,0,154,1.8,,
2025-11-02T20:00:00.000Z,2.5,0,230,2.1,,
2025-11-02T21:00:00.000Z,1.4,0,200,2.9,,
2025-11-02T22:00:00.000Z,1.6,0,206,3.1,,
2025-11-02T23:00:00.000Z,1.5,0,247,6.6,,
2025-11-03T00:00:00.000Z,0.6,0,239,4.5,,
2025-11-03T01:00:00.000Z,0.6,0,237,4.7,,
2025-11-03T02:00:00.000Z,0.8,0,243,4.4,,
2025-11-03T03:00:00.000Z,0.8,0,232,5.2,,
2025-11-03T04:00:00.000Z,0.4,0,231,5.7,,
2025-11-03T05:00:00.000Z,-0.6,0,229,6,,
2025-11-03T06:00:00.000Z,-0.3,0,233,6.8,,
2025-11-03T07:00:00.000Z,-0.2,0,234,7.6,,
2025-11-03T08:00:00.000Z,0.5,0,228,7.9,,
2025-11-03T09:00:00.000Z,1.5,0,233,8.2,,
2025-11-03T10:00:00.000Z,1.8,0,234,8.4,,
2025-11-03T11:00:00.000Z,1.8,0,242,8.8,,
2025-11-03T12:00:00.000Z,2.2,0,242,8.1,,
2025-11-03T13:00:00.000Z,2.2,0,234,5.9,,
2025-11-03T14:00:00.000Z,1.9,0,229,4.8,,
2025-11-03T15:00:00.000Z,1.7,0,236,6,,
2025-11-03T16:00:00.000Z,1.5,0,234,6.6,,
2025-11-03T17:00:00.000Z,1.2,0,233,7,,
2025-11-03T18:00:00.000Z,1.1,0,235,8.2,,
2025-11-03T19:00:00.000Z,1.1,0,227,6.4,,
2025-11-03T20:00:00.000Z,1.1,0,225,6.2,,
2025-11-03T21:00:00.000Z,1,0,219,6.3,,
2025-11-03T22:00:00.000Z,1.3,0,218,5,,
2025-11-03T23:00:00.000Z,1.5,0,220,7.7,,
2025-11-04T00:00:00.000Z,1.9,0,211,7.5,,
2025-11-04T01:00:00.000Z,2.5,0,208,8.7,,
2025-11-04T02:00:00.000Z,2.9,0,218,8.1,,
2025-11-04T03:00:00.000Z,2.9,0,215,10.2,,
2025-11-04T04:00:00.000Z,3.2,0,216,8.6,,
2025-11-04T05:00:00.000Z,3.4,0,227,7.3,,
2025-11-04T06:00:00.000Z,3.6,0,223,7,,
2025-11-04T07:00:00.000Z,3.8,0.3,219,5.7,,
2025-11-04T08:00:00.000Z,4.1,0.3,179,4.4,,
2025-11-04T09:00:00.000Z,5,0,202,4.4,,
2025-11-04T10:00:00.000Z,5.7,0.3,227,4.6,,
2025-11-04T11:00:00.000Z,7,0.1,226,3.8,,
2025-11-04T12:00:00.000Z,7.1,0,240,5.5,,
2025-11-04T13:00:00.000Z,7,0.1,242,7.3,,
2025-11-04T14:00:00.000Z,7,0,245,7.5,,
2025-11-04T15:00:00.000Z,7.2,0,255,7.5,,
2025-11-04T16:00:00.000Z,7,0,256,7.2,,
2025-11-04T17:00:00.000Z,6.9,0,250,7.8,,
2025-11-04T18:00:00.000Z,6.6,0,251,8.5,,
2025-11-04T19:00:00.000Z,6.3,0,242,6.3,,
2025-11-04T20:00:00.000Z,6.4,0,234,5.6,,
2025-11-04T21:00:00.000Z,6.3,0,241,6.2,,
2025-11-04T22:00:00.000Z,6.1,0,246,5.8,,
2025-11-04T23:00:00.000Z,6,0,250,6.8,,
2025-11-05T00:00:00.000Z,6.1,0,250,8.7,,
2025-11-05T01:00:00.000Z,6,0,257,8.7,,
2025-11-05T02:00:00.000Z,5.8,0,253,6.4,,
2025-11-05T03:00:00.000Z,5.1,0,236,4.8,,
2025-11-05T04:00:00.000Z,4.9,0,224,5,,
2025-11-05T05:00:00.000Z,4.7,0,227,5,,
2025-11-05T06:00:00.000Z,4.8,0,251,6.5,,
2025-11-05T07:00:00.000Z,4.7,0,246,5.6,,
2025-11-05T08:00:00.000Z,4.9,0,240,6.7,,
2025-11-05T09:00:00.000Z,6.2,0,247,6.2,,
2025-11-05T10:00:00.000Z,6.2,0,244,7.1,,
2025-11-05T11:00:00.000Z,6.7,0,247,7.4,,
2025-11-05T12:00:00.000Z,7.2,0,245,6.7,,
2025-11-05T13:00:00.000Z,6.9,0,251,7.4,,
2025-11-05T14:00:00.000Z,6.5,0,249,7.6,,
2025-11-05T15:00:00.000Z,6.2,0,252,8,,
2025-11-05T16:00:00.000Z,5.8,0,243,6.2,,
2025-11-05T17:00:00.000Z,5.5,0,259,5.6,,
2025-11-05T18:00:00.000Z,5.1,0,286,3.1,,
2025-11-05T19:00:00.000Z,4.3,0,293,2.7,,
2025-11-05T20:00:00.000Z,3.8,0,300,2.9,,
2025-11-05T21:00:00.000Z,4,0,298,3.2,,
2025-11-05T22:00:00.000Z,3.5,0,255,4.4,,
2025-11-05T23:00:00.000Z,3.8,0,273,5,,
2025-11-06T00:00:00.000Z,3.9,0,284,4.9,,
2025-11-06T01:00:00.000Z,3.7,0,276,5.1,,
2025-11-06T02:00:00.000Z,4,0,277,6,,
2025-11-06T03:00:00.000Z,4.2,0,277,5.5,,
2025-11-06T04:00:00.000Z,4.7,0,283,3.9,,
2025-11-06T05:00:00.000Z,3.8,0,262,3.1,,
2025-11-06T06:00:00.000Z,3.1,0,250,4.2,,
2025-11-06T07:00:00.000Z,4.7,0,272,3.4,,
2025-11-06T08:00:00.000Z,4.3,0,268,3.4,,
2025-11-06T09:00:00.000Z,4.2,0,269,2.6,,
2025-11-06T10:00:00.000Z,6,0,265,2.2,,
2025-11-06T11:00:00.000Z,5.9,0,16,0.7,,
2025-11-06T12:00:00.000Z,4.9,0,242,2.2,,
2025-11-06T13:00:00.000Z,5.2,0,239,1.3,,
2025-11-06T14:00:00.000Z,5.2,0,243,1.8,,
2025-11-06T15:00:00.000Z,4.4,0,284,1.4,,
2025-11-06T16:00:00.000Z,2.4,0,351,2,,
2025-11-06T17:00:00.000Z,2.2,0,349,1.5,,
2025-11-06T18:00:00.000Z,2.3,0,146,1.5,,
2025-11-06T19:00:00.000Z,2.1,0,195,2,,
2025-11-06T20:00:00.000Z,2.7,0,214,1.3,,
2025-11-06T21:00:00.000Z,2.2,0,153,1.9,,
2025-11-06T22:00:00.000Z,2.5,0,133,1.2,,
2025-11-06T23:00:00.000Z,2.9,0,155,1.7,,
2025-11-07T00:00:00.000Z,2.9,0,158,1.9,,
2025-11-07T01:00:00.000Z,2.3,0,186,2.5,,
2025-11-07T02:00:00.000Z,2.8,0,179,2.1,,
2025-11-07T03:00:00.000Z,3,0,175,1.5,,
2025-11-07T04:00:00.000Z,3.8,0,213,1.9,,
2025-11-07T05:00:00.000Z,4.9,0,234,2.1,,
2025-11-07T06:00:00.000Z,5,0,228,2.2,,
2025-11-07T07:00:00.000Z,4.9,0,214,1.4,,
2025-11-07T08:00:00.000Z,5.3,0,197,1.2,,
2025-11-07T09:00:00.000Z,5.1,0,193,1.5,,
2025-11-07T10:00:00.000Z,6.2,0,250,0.9,,
2025-11-07T11:00:00.000Z,6.4,0,224,1,,
2025-11-07T12:00:00.000Z,6,0,173,1.2,,
2025-11-07T14:00:00.000Z,2.6,0,0,0,,
2025-11-07T15:00:00.000Z,2.2,0,0,0,,
2025-11-07T16:00:00.000Z,1.9,0,347,0.9,,
2025-11-07T17:00:00.000Z,1.6,0,352,1.7,,
2025-11-07T18:00:00.000Z,1.6,0,22,1.2,,
2025-11-07T19:00:00.000Z,1.4,0,7,1.6,,
2025-11-07T20:00:00.000Z,1.6,0,0,0,,
2025-11-07T21:00:00.000Z,1.5,0,9,0.7,,
2025-11-07T22:00:00.000Z,1.8,0,86,1,,
2025-11-07T23:00:00.000Z,1.7,0,192,1.5,,
2025-11-08T00:00:00.000Z,1.8,0,165,1.2,,
2025-11-08T01:00:00.000Z,1.8,0,178,0.7,,
2025-11-08T02:00:00.000Z,1.8,0,193,1,,
2025-11-08T03:00:00.000Z,1.7,0,190,2.3,,
2025-11-08T04:00:00.000Z,1.8,0,200,4.1,,
2025-11-08T05:00:00.000Z,2.1,0,201,3.9,,
2025-11-08T06:00:00.000Z,2.3,0,197,4,,
2025-11-08T07:00:00.000Z,2.5,0,214,2.8,,
2025-11-08T08:00:00.000Z,2.5,0,249,3.5,,
2025-11-08T09:00:00.000Z,2.7,0,238,3,,
2025-11-08T10:00:00.000Z,3.2,0,265,3,,
2025-11-08T11:00:00.000Z,3.9,0,267,2.2,,
2025-11-08T12:00:00.000Z,5.2,0,323,2,,
2025-11-08T13:00:00.000Z,5.7,0,356,1.6,,
2025-11-08T14:00:00.000Z,4.4,0,342,2.1,,
2025-11-08T15:00:00.000Z,3.7,0,304,2.4,,
2025-11-08T16:00:00.000Z,4,0,307,2.8,,
2025-11-08T17:00:00.000Z,5,0,310,2.2,,
2025-11-08T18:00:00.000Z,5.3,0,307,1.8,,
2025-11-08T19:00:00.000Z,5.4,0,288,2.1,,
2025-11-08T20:00:00.000Z,4.1,0,281,2.6,,
2025-11-08T21:00:00.000Z,4.2,0,269,3.2,,
2025-11-08T22:00:00.000Z,4.2,0,248,2.6,,
2025-11-08T23:00:00.000Z,3.7,0,255,5,,
2025-11-09T00:00:00.000Z,3.8,0,266,5.7,,
2025-11-09T01:00:00.000Z,4.3,0,272,5.4,,
2025-11-09T02:00:00.000Z,4.5,0,265,4.9,,
2025-11-09T03:00:00.000Z,4.6,0,262,3.4,,
2025-11-09T04:00:00.000Z,4.1,0,291,1.8,,
2025-11-09T05:00:00.000Z,4.2,0,296,3.3,,
2025-11-09T06:00:00.000Z,4.7,0,289,4.2,,
2025-11-09T07:00:00.000Z,4.7,0,299,4.8,,
2025-11-09T08:00:00.000Z,5.3,0,300,4.4,,
2025-11-09T09:00:00.000Z,5.4,0,326,2.3,,
2025-11-09T10:00:00.000Z,3.7,0,2,3.2,,
2025-11-09T11:00:00.000Z,3.6,0,2,3,,
2025-11-09T12:00:00.000Z,3,0,16,1.4,,
2025-11-09T13:00:00.000Z,2.1,0,360,2.4,,
2025-11-09T14:00:00.000Z,1.6,0,16,1.9,,
2025-11-09T15:00:00.000Z,1.3,0,6,2.4,,
2025-11-09T16:00:00.000Z,1.2,0,27,1.9,,
2025-11-09T17:00:00.000Z,0.1,0,16,1.6,,
2025-11-09T18:00:00.000Z,-0.5,0,12,1.5,,
2025-11-09T19:00:00.000Z,-0.7,0,18,1.1,,
2025-11-09T20:00:00.000Z,-0.7,0,91,1.1,,
2025-11-09T22:00:00.000Z,-0.7,0,120,1.8,,
2025-11-09T23:00:00.000Z,-0.9,0.2,129,2,,
2025-11-10T00:00:00.000Z,-0.9,0.2,148,2.4,,
2025-11-10T01:00:00.000Z,-0.9,0.2,170,2.3,,
2025-11-10T02:00:00.000Z,-0.8,0.5,182,2.9,,
2025-11-10T03:00:00.000Z,-0.5,0,184,3.2,,
2025-11-10T04:00:00.000Z,-0.1,0,192,2.8,,
2025-11-10T05:00:00.000Z,0,0,211,3.3,,
2025-11-10T06:00:00.000Z,0,0,203,3,,
2025-11-10T07:00:00.000Z,0.1,0,224,2.4,,
2025-11-10T08:00:00.000Z,1.4,0,251,3.5,,
2025-11-10T09:00:00.000Z,2,0,246,2.7,,
2025-11-10T10:00:00.000Z,2.5,0.1,250,4.7,,
2025-11-10T11:00:00.000Z,2.7,0.2,248,3,,
2025-11-10T12:00:00.000Z,3,0,255,3.1,,
2025-11-10T13:00:00.000Z,2.7,0.1,240,2.4,,
2025-11-10T14:00:00.000Z,2.5,0,225,2.2,,
2025-11-10T15:00:00.000Z,2.5,0,247,2.7,,
2025-11-10T16:00:00.000Z,1.5,0,224,1.8,,
2025-11-10T17:00:00.000Z,1.4,0,218,3.3,,
2025-11-10T18:00:00.000Z,1.8,0,236,3.3,,
2025-11-10T19:00:00.000Z,1.7,0.1,227,3,,
2025-11-10T20:00:00.000Z,1.6,0,238,1.5,,
2025-11-10T21:00:00.000Z,1.2,0,232,2.3,,
2025-11-10T22:00:00.000Z,1.4,0,270,2.3,,
2025-11-10T23:00:00.000Z,1.2,0,255,2.5,,
2025-11-11T00:00:00.000Z,1,0,253,3.8,,
2025-11-11T01:00:00.000Z,1.1,0,261,4,,
2025-11-11T02:00:00.000Z,0.9,0,242,4,,
2025-11-11T03:00:00.000Z,0.4,0,245,3.7,,
2025-11-11T04:00:00.000Z,0.4,0,252,4.9,,
2025-11-11T05:00:00.000Z,0.2,0,241,4.1,,
2025-11-11T06:00:00.000Z,0.2,0,220,3.7,,
2025-11-11T07:00:00.000Z,0.5,0,238,3.2,,
2025-11-11T08:00:00.000Z,0.5,0,213,3.3,,
2025-11-11T09:00:00.000Z,0.9,0,240,4.3,,
2025-11-11T10:00:00.000Z,1.2,0,245,5.5,,
2025-11-11T11:00:00.000Z,1.4,0,235,4.8,,
2025-11-11T12:00:00.000Z,2,0,234,4.5,,
2025-11-11T13:00:00.000Z,2.1,0,227,5.3,,
2025-11-11T14:00:00.000Z,2.3,0,243,5.4,,
2025-11-11T15:00:00.000Z,2.1,0,216,4.1,,
2025-11-11T16:00:00.000Z,2.2,0,221,4.4,,
2025-11-11T17:00:00.000Z,2.5,0,217,4.9,,
2025-11-11T18:00:00.000Z,2.2,0,190,2.9,,
2025-11-11T19:00:00.000Z,2.6,0,229,6.5,,
2025-11-11T20:00:00.000Z,2.8,0,228,8.7,,
2025-11-11T21:00:00.000Z,3,0,235,11.3,,
2025-11-11T22:00:00.000Z,3.1,0,231,7.6,,
2025-11-11T23:00:00.000Z,2.7,0,221,6.1,,
2025-11-12T00:00:00.000Z,3,0,214,7,,
2025-11-12T01:00:00.000Z,2.9,0,222,6.2,,
2025-11-12T02:00:00.000Z,3,0,223,6.8,,
2025-11-12T03:00:00.000Z,3.1,0,226,6.4,,
2025-11-12T04:00:00.000Z,2.8,0,222,6.2,,
2025-11-12T05:00:00.000Z,2.7,0,212,5.6,,
2025-11-12T06:00:00.000Z,2.2,0.1,205,5.8,,
2025-11-12T07:00:00.000Z,2.4,0.8,200,5.1,,
2025-11-12T08:00:00.000Z,2.4,0.6,195,5.1,,
2025-11-12T09:00:00.000Z,2.7,1.2,186,4.5,,
2025-11-12T10:00:00.000Z,3.4,0.4,186,5.6,,
2025-11-12T11:00:00.000Z,4.3,0.2,196,6.8,,
2025-11-12T12:00:00.000Z,4.6,0.2,191,5.9,,
2025-11-12T13:00:00.000Z,4.8,0.3,182,4.9,,
2025-11-12T14:00:00.000Z,4.8,0.6,195,6.6,,
2025-11-12T15:00:00.000Z,5,1.4,208,5.8,,
2025-11-12T16:00:00.000Z,5.5,0,223,6,,
2025-11-12T17:00:00.000Z,5.8,0,219,6.5,,
2025-11-12T18:00:00.000Z,5.7,0,223,6.6,,
2025-11-12T19:00:00.000Z,5.4,0,229,5.5,,
2025-11-12T20:00:00.000Z,5.6,0,227,4.6,,
2025-11-12T21:00:00.000Z,5.5,0,236,6.5,,
2025-11-12T22:00:00.000Z,5.4,0,253,9,,
2025-11-12T23:00:00.000Z,5.1,0,250,6.4,,
2025-11-13T00:00:00.000Z,2.2,0.3,317,4.8,,
2025-11-13T01:00:00.000Z,1.2,0,341,3.1,,
2025-11-13T02:00:00.000Z,-0.2,0,325,5.6,,
2025-11-13T03:00:00.000Z,-1.2,0,334,6.4,,
2025-11-13T04:00:00.000Z,-2,0.1,333,5.1,,
2025-11-13T05:00:00.000Z,-2.3,0.5,326,5.4,,
2025-11-13T06:00:00.000Z,-2.5,0.1,318,7,,
2025-11-13T07:00:00.000Z,-2.5,0,316,8,,
2025-11-13T08:00:00.000Z,-2.8,0,316,8.5,,
2025-11-13T09:00:00.000Z,-2.8,0,313,8.4,,
2025-11-13T10:00:00.000Z,-2.6,0,322,7.6,,
2025-11-13T11:00:00.000Z,-2.4,0,313,7.2,,
2025-11-13T12:00:00.000Z,-2.3,0,308,8.3,,
2025-11-13T13:00:00.000Z,-2.6,0,315,7.1,,
2025-11-13T14:00:00.000Z,-3.2,0,309,7.9,,
2025-11-13T15:00:00.000Z,-3.7,0,311,7.8,,
2025-11-13T16:00:00.000Z,-4.1,0,304,5.2,,
2025-11-13T17:00:00.000Z,-4,0,310,7.2,,
2025-11-13T18:00:00.000Z,-4.7,0,293,4.7,,
2025-11-13T19:00:00.000Z,-4.9,0,291,5.5,,
2025-11-13T20:00:00.000Z,-4.4,0,300,6.4,,
2025-11-13T21:00:00.000Z,-4.7,0,287,7.4,,
2025-11-13T22:00:00.000Z,-4.7,0,289,7,,
2025-11-13T23:00:00.000Z,-4.7,0,291,6.7,,
2025-11-14T00:00:00.000Z,-4.9,0,289,6.7,,
2025-11-14T01:00:00.000Z,-5.2,0,290,5.1,,
2025-11-14T02:00:00.000Z,-4.9,0,299,4.6,,
2025-11-14T03:00:00.000Z,-4.8,0,275,6,,
2025-11-14T04:00:00.000Z,-5.8,0,280,7.2,,
2025-11-14T05:00:00.000Z,-6.2,0,275,6.9,,
2025-11-14T06:00:00.000Z,-6.4,0,267,8,,
2025-11-14T07:00:00.000Z,-6.2,0,271,9.2,,
2025-11-14T08:00:00.000Z,-5.7,0,282,8.6,,
2025-11-14T09:00:00.000Z,-5.1,0,286,5.4,,
2025-11-14T10:00:00.000Z,-3.8,0,311,7.7,,
2025-11-14T11:00:00.000Z,-3.7,0,328,6.7,,
2025-11-14T12:00:00.000Z,-4.1,0,323,6.9,,
2025-11-14T13:00:00.000Z,-4.3,0,317,6.3,,
2025-11-14T14:00:00.000Z,-4.1,0,324,7,,
2025-11-14T15:00:00.000Z,-4.7,0,332,6.4,,
2025-11-14T16:00:00.000Z,-5.4,0,320,7.5,,
2025-11-14T17:00:00.000Z,-6,0,316,6.1,,
2025-11-14T18:00:00.000Z,-5.8,0,314,7.7,,
2025-11-14T19:00:00.000Z,-6.2,0,316,6.6,,
2025-11-14T20:00:00.000Z,-6.1,0,312,7,,
2025-11-14T21:00:00.000Z,-6.3,0,304,5.9,,
2025-11-14T22:00:00.000Z,-6.3,0,287,5.4,,
2025-11-14T23:00:00.000Z,-6.6,0,288,6,,
2025-11-15T00:00:00.000Z,-6.4,0,286,5.5,,
2025-11-15T01:00:00.000Z,-5.8,0,283,6.1,,
2025-11-15T02:00:00.000Z,-5.4,0,286,6.2,,
2025-11-15T03:00:00.000Z,-5.2,0,270,6.6,,
2025-11-15T04:00:00.000Z,-4.5,0,288,7.9,,
2025-11-15T05:00:00.000Z,-4.3,0,287,10.1,,
2025-11-15T06:00:00.000Z,-4.4,0,270,9.3,,
2025-11-15T07:00:00.000Z,-4.2,0,268,9.5,,
2025-11-15T08:00:00.000Z,-4.2,0,264,8.8,,
2025-11-15T09:00:00.000Z,-3.7,0,257,8.7,,
2025-11-15T10:00:00.000Z,-3.8,0,253,7.3,,
2025-11-15T11:00:00.000Z,-3.3,0,256,8.2,,
2025-11-15T12:00:00.000Z,-3.4,0,245,8.1,,
2025-11-15T13:00:00.000Z,-3.2,0,249,6.9,,
2025-11-15T14:00:00.000Z,-3.6,0,239,6.8,,
2025-11-15T15:00:00.000Z,-3.5,0,249,9.3,,
2025-11-15T16:00:00.000Z,-3.7,0,249,9.5,,
2025-11-15T17:00:00.000Z,-3.1,0,256,12,,
2025-11-15T18:00:00.000Z,-2.6,0,247,9.1,,
2025-11-15T19:00:00.000Z,-2.6,0,241,7,,
2025-11-15T20:00:00.000Z,-2.5,0,253,8.3,,
2025-11-15T21:00:00.000Z,-2.5,0,240,6.8,,
2025-11-15T22:00:00.000Z,-2.6,0,250,6.6,,
2025-11-15T23:00:00.000Z,-2,0,259,8.1,,
2025-11-16T00:00:00.000Z,-1.6,0.2,275,8,,
2025-11-16T01:00:00.000Z,-1.7,0.1,272,6.8,,
2025-11-16T02:00:00.000Z,-1.9,0,269,6.6,,
2025-11-16T03:00:00.000Z,-1.8,0,263,7.2,,
2025-11-16T04:00:00.000Z,-2,0.1,263,7.2,,
2025-11-16T05:00:00.000Z,-2,0,269,8.2,,
2025-11-16T06:00:00.000Z,-1.9,0,261,6.2,,
2025-11-16T07:00:00.000Z,-2.4,0,276,6.1,,
2025-11-16T08:00:00.000Z,-2.7,0,276,7,,
2025-11-16T09:00:00.000Z,-2.8,0,274,7.9,,
2025-11-16T10:00:00.000Z,-2.4,0,289,7.4,,
2025-11-16T11:00:00.000Z,-1.9,0,302,6.4,,
2025-11-16T12:00:00.000Z,-2.6,0,283,5,,
2025-11-16T13:00:00.000Z,-3.2,0,293,6.4,,
2025-11-16T14:00:00.000Z,-4.2,0,281,5.8,,
2025-11-16T15:00:00.000Z,-4.6,0,285,6.6,,
2025-11-16T16:00:00.000Z,-5.2,0,290,4.6,,
2025-11-16T17:00:00.000Z,-5.3,0,284,6.3,,
2025-11-16T18:00:00.000Z,-5.6,0,291,6.2,,
2025-11-16T19:00:00.000Z,-5.6,0,298,6.2,,
2025-11-16T20:00:00.000Z,-5.2,0,333,6.1,,
2025-11-16T21:00:00.000Z,-5.7,0,316,5.8,,
2025-11-16T22:00:00.000Z,-5.8,0,314,6.2,,
2025-11-16T23:00:00.000Z,-5.4,0,309,5.3,,
2025-11-17T00:00:00.000Z,-6.6,0,306,5,,
2025-11-17T01:00:00.000Z,-7.5,0,298,4,,
2025-11-17T02:00:00.000Z,-7,0,293,3.9,,
2025-11-17T03:00:00.000Z,-6.2,0,298,3.7,,
2025-11-17T04:00:00.000Z,-5.5,0,321,3.4,,
2025-11-17T05:00:00.000Z,-5.6,0.3,342,3,,
2025-11-17T06:00:00.000Z,-5.2,0.2,344,3.1,,
2025-11-17T07:00:00.000Z,-5.6,0.4,343,4.5,,
2025-11-17T08:00:00.000Z,-6,0,345,3.1,,
2025-11-17T09:00:00.000Z,-5.9,0,344,3.6,,
2025-11-17T10:00:00.000Z,-5.7,0,346,2.8,,
2025-11-17T11:00:00.000Z,-5.5,0,344,2.3,,
2025-11-17T12:00:00.000Z,-5.9,0,332,2.2,,
2025-11-17T13:00:00.000Z,-6.5,0,314,4,,
2025-11-17T14:00:00.000Z,-6.8,0,318,4.6,,
2025-11-17T15:00:00.000Z,-6.8,0,315,4.9,,
2025-11-17T16:00:00.000Z,-6.2,0,314,5.4,,
2025-11-17T17:00:00.000Z,-5.8,0,319,5.1,,
2025-11-17T18:00:00.000Z,-5.9,0,326,4.7,,
2025-11-17T19:00:00.000Z,-5.3,0,334,3.7,,
2025-11-17T20:00:00.000Z,-5.4,0,334,3.9,,
2025-11-17T21:00:00.000Z,-4.7,0,314,4.4,,
2025-11-17T22:00:00.000Z,-5.2,0,334,3.2,,
2025-11-17T23:00:00.000Z,-4.8,0,329,4.7,,
2025-11-18T00:00:00.000Z,-4.5,0,325,4.2,,
2025-11-18T01:00:00.000Z,-4.4,0,326,4,,
2025-11-18T02:00:00.000Z,-4.2,0,330,4.2,,
2025-11-18T03:00:00.000Z,-4.8,0,333,3.1,,
2025-11-18T04:00:00.000Z,-5.3,0,329,3.4,,
2025-11-18T05:00:00.000Z,-5.5,0,326,2.5,,
2025-11-18T06:00:00.000Z,-5.8,0,332,2.8,,
2025-11-19T07:00:00.000Z,-8.4,0,247,1.9,,
2025-11-19T08:00:00.000Z,-8,0,255,1.7,,
2025-11-19T09:00:00.000Z,-7.9,0,236,1.8,,
2025-11-19T10:00:00.000Z,-7.4,0,218,1.1,,
2025-11-19T11:00:00.000Z,-7.4,0,237,1.1,,
2025-11-19T12:00:00.000Z,-7.3,0,233,1.3,,
2025-11-19T13:00:00.000Z,-7.8,0,263,1.5,,
2025-11-19T14:00:00.000Z,-8.9,0,279,1.7,,
2025-11-19T15:00:00.000Z,-9.2,0,296,2.1,,
2025-11-19T16:00:00.000Z,-9.3,0,347,1.6,,
2025-11-19T17:00:00.000Z,-9.6,0,353,0.8,,
2025-11-19T18:00:00.000Z,-9.3,0,287,1.1,,
2025-11-19T19:00:00.000Z,-9.6,0,345,2.4,,
2025-11-19T20:00:00.000Z,-10,0,346,2.9,,
2025-11-19T21:00:00.000Z,-9.4,0,346,3,,
2025-11-19T22:00:00.000Z,-9.5,0,360,2.7,,
2025-11-19T23:00:00.000Z,-9.3,0,348,3.4,,
2025-11-20T00:00:00.000Z,-8.1,0,348,4.4,,
2025-11-20T01:00:00.000Z,-8.5,0,348,2.8,,
2025-11-20T02:00:00.000Z,-8.7,0,2,2.6,,
2025-11-20T03:00:00.000Z,-9.1,0,342,3.1,,
2025-11-20T04:00:00.000Z,-8.8,0,7,3.3,,
2025-11-20T05:00:00.000Z,-8.8,0,356,4.4,,
2025-11-20T06:00:00.000Z,-9,0,357,5.1,,
2025-11-20T07:00:00.000Z,-9,0,354,3.3,,
2025-11-20T08:00:00.000Z,-9,0,358,4,,
2025-11-20T09:00:00.000Z,-9.2,0,360,4.2,,
2025-11-20T10:00:00.000Z,-9,0,358,4.1,,
2025-11-20T11:00:00.000Z,-9,0,359,3.8,,
2025-11-20T12:00:00.000Z,-9.1,0,359,4.6,,
2025-11-20T13:00:00.000Z,-9,0,7,3.9,,
2025-11-20T14:00:00.000Z,-9.2,0,2,2.8,,
2025-11-20T15:00:00.000Z,-9.5,0,356,3.3,,
2025-11-20T16:00:00.000Z,-9.8,0,354,3.5,,
2025-11-20T17:00:00.000Z,-9.7,0,356,3,,
2025-11-20T18:00:00.000Z,-9.6,0,349,3,,
2025-11-20T19:00:00.000Z,-9.9,0,338,3.1,,
2025-11-20T20:00:00.000Z,-10,0,337,2.7,,
2025-11-20T21:00:00.000Z,-10,0,341,3.1,,
2025-11-20T22:00:00.000Z,-10,0,345,2.7,,
2025-11-20T23:00:00.000Z,-10.8,0,328,2.6,,
2025-11-21T00:00:00.000Z,-10.7,0,339,2.8,,
2025-11-21T01:00:00.000Z,-11,0,341,2.7,,
2025-11-21T02:00:00.000Z,-10.4,0,322,2.7,,
2025-11-21T03:00:00.000Z,-10.2,0,322,2.3,,
2025-11-21T04:00:00.000Z,-10.4,0,318,2.4,,
2025-11-21T05:00:00.000Z,-10.1,0,322,2.7,,
2025-11-21T06:00:00.000Z,-10.7,0,288,3.2,,
2025-11-21T07:00:00.000Z,-10.4,0,292,3.2,,
2025-11-21T08:00:00.000Z,-9.3,0,304,4.5,,
2025-11-21T09:00:00.000Z,-7.6,0,319,3.4,,
2025-11-21T10:00:00.000Z,-7.4,0,286,3.7,,
2025-11-21T11:00:00.000Z,-7.1,0,286,4.2,,
2025-11-21T12:00:00.000Z,-7,0,273,3.6,,
2025-11-21T13:00:00.000Z,-6.8,0,267,3.8,,
2025-11-21T14:00:00.000Z,-6.7,0,267,5,,
2025-11-21T15:00:00.000Z,-6.1,0,275,4.6,,
2025-11-21T16:00:00.000Z,-6.3,0,259,5,,
2025-11-21T17:00:00.000Z,-6.2,0,257,5.7,,
2025-11-21T18:00:00.000Z,-6.3,0,253,5.6,,
2025-11-21T19:00:00.000Z,-6.6,0,257,6.2,,
2025-11-21T20:00:00.000Z,-6.6,0,262,5.3,,
2025-11-21T21:00:00.000Z,-6.9,0,257,5.8,,
2025-11-21T22:00:00.000Z,-6.8,0,248,4.7,,
2025-11-21T23:00:00.000Z,-6.8,0,245,6.4,,
2025-11-22T00:00:00.000Z,-6.1,0,256,8.4,,
2025-11-22T01:00:00.000Z,-5.9,0,255,8.4,,
2025-11-22T02:00:00.000Z,-6.2,0,248,7.4,,
2025-11-22T03:00:00.000Z,-6.1,0,243,6.7,,
2025-11-22T04:00:00.000Z,-5.8,0,243,7.6,,
2025-11-22T05:00:00.000Z,-5.6,0,234,6.8,,
2025-11-22T06:00:00.000Z,-5.6,0,241,7.3,,
2025-11-22T07:00:00.000Z,-4.8,0,255,12.4,,
2025-11-22T08:00:00.000Z,-4.3,0,255,10.7,,
2025-11-22T09:00:00.000Z,-3.9,0,255,9.4,,
2025-11-22T10:00:00.000Z,-3.4,0,252,10.2,,
2025-11-22T11:00:00.000Z,-3.2,0,252,11,,
2025-11-22T12:00:00.000Z,-2.4,0.1,251,10.7,,
2025-11-22T13:00:00.000Z,-2.3,0,251,9.9,,
2025-11-22T14:00:00.000Z,-2.1,0,256,9.9,,
2025-11-22T15:00:00.000Z,-2.1,0,251,9.7,,
2025-11-22T16:00:00.000Z,-2.2,0,250,9.5,,
2025-11-22T17:00:00.000Z,-2.2,0,250,8,,
2025-11-22T18:00:00.000Z,-2.5,0,253,7.3,,
2025-11-22T19:00:00.000Z,-2.2,0,249,6.7,,
2025-11-22T20:00:00.000Z,-2.1,0,248,6.6,,
2025-11-22T21:00:00.000Z,-2.2,0,241,6,,
2025-11-22T22:00:00.000Z,-1.6,0,251,6.6,,
2025-11-22T23:00:00.000Z,-1.6,0,252,7.6,,
2025-11-23T00:00:00.000Z,-1.5,0,257,6.9,,
2025-11-23T01:00:00.000Z,-1.7,0,255,6.4,,
2025-11-23T02:00:00.000Z,-1.8,0,238,4.8,,
2025-11-23T03:00:00.000Z,-2,0,248,4.9,,
2025-11-23T04:00:00.000Z,-2.4,0,273,5.2,,
2025-11-23T05:00:00.000Z,-2.6,0,248,5.6,,
2025-11-23T06:00:00.000Z,-2.9,0,250,4.9,,
2025-11-23T07:00:00.000Z,-3.3,0,254,4.5,,
2025-11-23T08:00:00.000Z,-3.6,0,252,4.2,,
2025-11-23T09:00:00.000Z,-3.3,0,255,4.5,,
2025-11-23T10:00:00.000Z,-2.1,0,288,2.7,,
2025-11-23T11:00:00.000Z,-1.9,0,240,1.7,,
2025-11-23T12:00:00.000Z,-2.4,0,263,1.8,,
2025-11-23T13:00:00.000Z,-2.4,0,266,1.9,,
2025-11-23T14:00:00.000Z,-1.1,0,239,0.8,,
2025-11-23T15:00:00.000Z,-2.2,0,76,1,,
2025-11-23T16:00:00.000Z,-2.4,0,60,1.4,,
2025-11-23T17:00:00.000Z,-2.6,0,185,2,,
2025-11-23T18:00:00.000Z,-2.2,0,175,1.6,,
2025-11-23T19:00:00.000Z,-2.2,0,66,0.8,,
2025-11-23T20:00:00.000Z,-3.2,0,0,0,,
2025-11-23T21:00:00.000Z,-3.5,0,53,0.7,,
2025-11-23T22:00:00.000Z,-3.8,0,345,1.6,,
2025-11-23T23:00:00.000Z,-3.7,0,357,1.9,,
2025-11-24T00:00:00.000Z,-4.9,0,346,2.9,,
2025-11-24T01:00:00.000Z,-5.2,0,346,1.6,,
2025-11-24T02:00:00.000Z,-5.3,0,334,2.2,,
2025-11-24T03:00:00.000Z,-6.1,0,348,2.7,,
2025-11-24T04:00:00.000Z,-5.8,0,345,2.8,,
2025-11-24T05:00:00.000Z,-5.8,0,353,2.6,,
2025-11-24T06:00:00.000Z,-6.3,0.3,349,2.6,,
2025-11-24T07:00:00.000Z,-6.5,0.2,1,2.8,,
2025-11-24T08:00:00.000Z,-6.3,0.2,8,2.6,,
2025-11-24T09:00:00.000Z,-6.3,0.5,6,3.2,,
2025-11-24T10:00:00.000Z,-6.6,0,11,3.4,,
2025-11-24T13:00:00.000Z,-8,0,352,2.9,,
2025-11-24T14:00:00.000Z,-8.3,0,355,3.2,,
2025-11-24T15:00:00.000Z,-8.5,0,347,2.9,,
2025-11-24T16:00:00.000Z,-8.7,0,352,3.2,,
2025-11-24T17:00:00.000Z,-8.8,0,356,2.7,,
2025-11-24T18:00:00.000Z,-8.8,0,345,3,,
2025-11-24T19:00:00.000Z,-8.8,0,347,2,,
2025-11-24T20:00:00.000Z,-8.8,0,331,2.4,,
2025-11-24T21:00:00.000Z,-9.1,0,326,2.5,,
2025-11-24T22:00:00.000Z,-9.2,0,340,2.2,,
2025-11-24T23:00:00.000Z,-8.7,0,327,1.3,,
2025-11-25T00:00:00.000Z,-8.5,0,331,1.2,,
2025-11-25T01:00:00.000Z,-8.5,0,326,1.6,,
2025-11-25T02:00:00.000Z,-8.3,0,325,1.8,,
2025-11-25T03:00:00.000Z,-7.8,0,322,3.1,,
2025-11-25T04:00:00.000Z,-8,0,326,2.1,,
2025-11-25T05:00:00.000Z,-8.5,0,305,2.2,,
2025-11-25T06:00:00.000Z,-9.7,0,281,3,,
2025-11-25T07:00:00.000Z,-10,0,299,3.1,,
2025-11-25T08:00:00.000Z,-10,0,309,4.1,,
2025-11-25T09:00:00.000Z,-10.2,0,300,3.4,,
2025-11-25T10:00:00.000Z,-9.5,0,319,3.3,,
2025-11-25T11:00:00.000Z,-8.7,0,311,4.2,,
2025-11-25T12:00:00.000Z,-8.3,0,297,3.9,,
2025-11-25T13:00:00.000Z,-7.6,0,298,2.9,,
2025-11-25T14:00:00.000Z,-8.5,0,284,3.4,,
2025-11-25T15:00:00.000Z,-8.7,0,272,3.1,,
2025-11-25T16:00:00.000Z,-8.3,0,260,2.8,,
2025-11-25T17:00:00.000Z,-7.3,0,268,4.3,,
2025-11-25T18:00:00.000Z,-7.4,0,287,3,,
2025-11-25T19:00:00.000Z,-7.4,0,288,4.3,,
2025-11-25T20:00:00.000Z,-7,0,286,4.6,,
2025-11-25T21:00:00.000Z,-7,0,282,3.8,,
2025-11-25T22:00:00.000Z,-6.9,0,286,4.3,,
2025-11-25T23:00:00.000Z,-7.4,0,280,3.4,,
2025-11-26T00:00:00.000Z,-7.4,0,274,3.5,,
2025-11-26T01:00:00.000Z,-7.4,0,249,3.9,,
2025-11-26T02:00:00.000Z,-7.3,0,249,3.9,,
2025-11-26T03:00:00.000Z,-6.8,0,249,4.6,,
2025-11-26T04:00:00.000Z,-5.4,0,271,4.4,,
2025-11-26T05:00:00.000Z,-6.7,0,253,6,,
2025-11-26T06:00:00.000Z,-6.4,0,252,4.6,,
2025-11-26T07:00:00.000Z,-6.4,0,244,5.4,,
2025-11-26T08:00:00.000Z,-6.1,0,257,6.5,,
2025-11-26T09:00:00.000Z,-5.7,0,255,6.5,,
2025-11-26T10:00:00.000Z,-5.1,0,252,6.8,,
2025-11-26T11:00:00.000Z,-4.8,0,257,6.7,,
2025-11-26T12:00:00.000Z,-5.1,0,259,6.7,,
2025-11-26T13:00:00.000Z,-4.9,0,258,6.4,,
2025-11-26T14:00:00.000Z,-4.4,0,257,6.2,,
2025-11-26T15:00:00.000Z,-4.5,0,256,7.1,,
2025-11-26T16:00:00.000Z,-4.3,0,253,7.2,,
2025-11-26T17:00:00.000Z,-5,0,246,4.4,,
2025-11-26T18:00:00.000Z,-4.3,0,242,5.8,,
2025-11-26T19:00:00.000Z,-5,0,244,6.1,,
2025-11-26T20:00:00.000Z,-5.3,0,233,6.1,,
2025-11-26T21:00:00.000Z,-5.9,0,235,7.2,,
2025-11-26T22:00:00.000Z,-6.2,0,229,9.1,,
2025-11-26T23:00:00.000Z,-9,0,227,6.3,,
2025-11-27T00:00:00.000Z,-6.1,0,234,7.6,,
2025-11-27T01:00:00.000Z,-8.2,0,215,7.2,,
2025-11-27T02:00:00.000Z,-6.7,0,206,6,,
2025-11-27T03:00:00.000Z,-5.9,0.4,221,8.1,,
2025-11-27T04:00:00.000Z,-4.8,1,220,9,,
2025-11-27T05:00:00.000Z,-3.4,1.2,228,10.2,,
2025-11-27T06:00:00.000Z,-3,1.9,229,8.6,,
2025-11-27T07:00:00.000Z,-2.6,1.1,228,9.5,,
2025-11-27T08:00:00.000Z,-2.3,0.1,225,7.8,,
2025-11-27T09:00:00.000Z,-2.2,0,235,5.6,,
2025-11-27T10:00:00.000Z,-1.8,0,244,9.1,,
2025-11-27T11:00:00.000Z,-1.5,0,246,8.8,,
2025-11-27T12:00:00.000Z,-1.6,0,251,6.6,,
2025-11-27T13:00:00.000Z,-1.8,0,246,4,,
2025-11-27T14:00:00.000Z,-1.8,0,246,4.5,,
2025-11-27T15:00:00.000Z,-1.9,0,249,6.2,,
2025-11-27T16:00:00.000Z,-2.1,0,271,4.2,,
2025-11-27T17:00:00.000Z,-1.8,0,266,2.8,,
2025-11-27T18:00:00.000Z,-2.3,0,212,2.2,,
2025-11-27T19:00:00.000Z,-2.9,0,184,1.1,,
2025-11-27T20:00:00.000Z,-2.6,0,224,2.6,,
2025-11-27T21:00:00.000Z,-2.2,0,213,4.1,,
2025-11-27T22:00:00.000Z,-1.9,0,201,5.8,,
2025-11-27T23:00:00.000Z,-1.3,0,194,5.1,,
2025-11-28T00:00:00.000Z,-0.2,0,228,6.5,,
2025-11-28T01:00:00.000Z,-0.5,1,196,4.1,,
2025-11-28T02:00:00.000Z,0.4,0,200,3.2,,
2025-11-28T03:00:00.000Z,1,0,229,9.1,,
2025-11-28T04:00:00.000Z,0.9,0,233,7.7,,
2025-11-28T05:00:00.000Z,2.5,0,240,7.4,,
2025-11-28T06:00:00.000Z,2.4,0.1,243,8.4,,
2025-11-28T07:00:00.000Z,2.4,0,240,8.2,,
2025-11-28T08:00:00.000Z,2.1,0,244,7.3,,
2025-11-28T09:00:00.000Z,2.2,0,237,8,,
2025-11-28T10:00:00.000Z,2.4,0,235,8,,
2025-11-28T11:00:00.000Z,2.6,0,234,7.4,,
2025-11-28T12:00:00.000Z,2.7,0,226,6.4,,
2025-11-28T13:00:00.000Z,2.3,0,223,6,,
2025-11-28T14:00:00.000Z,2.1,0,227,7.5,,
2025-11-28T15:00:00.000Z,2.1,0,231,5.9,,
2025-11-28T16:00:00.000Z,2.2,0,235,8.6,,
2025-11-28T17:00:00.000Z,2.1,0,229,8,,
2025-11-28T18:00:00.000Z,2,0,228,8.3,,
2025-11-28T19:00:00.000Z,1.8,0,227,8.4,,
2025-11-28T20:00:00.000Z,1.3,0,228,8.6,,
2025-11-28T21:00:00.000Z,1.4,0,226,8.6,,
2025-11-28T22:00:00.000Z,1.2,0,228,9.1,,
2025-11-28T23:00:00.000Z,1.1,0,225,8.4,,
2025-11-29T00:00:00.000Z,1.1,0,220,10.7,,
2025-11-29T01:00:00.000Z,0.9,0,214,8.1,,
2025-11-29T02:00:00.000Z,1.2,0,220,8,,
2025-11-29T03:00:00.000Z,1.5,0,210,7.6,,
2025-11-29T04:00:00.000Z,0.8,0,157,4,,
2025-11-29T05:00:00.000Z,1,0.1,178,4.4,,
2025-11-29T06:00:00.000Z,0.8,0,194,6.4,,
2025-11-29T07:00:00.000Z,0.5,0,187,5,,
2025-11-29T08:00:00.000Z,0.6,0,217,5.5,,
2025-11-29T09:00:00.000Z,0.8,0,234,8.2,,
2025-11-29T10:00:00.000Z,1.1,0,248,8.2,,
2025-11-29T11:00:00.000Z,1.1,0,248,7.9,,
2025-11-29T12:00:00.000Z,1.1,0,238,7.1,,
2025-11-29T13:00:00.000Z,0.7,0,244,7.2,,
2025-11-29T14:00:00.000Z,0.3,0,244,7.2,,
2025-11-29T15:00:00.000Z,-0.2,0,255,8.3,,
2025-11-29T16:00:00.000Z,-0.6,0,270,10.8,,
2025-11-29T17:00:00.000Z,-1.1,0,278,10.8,,
2025-11-29T18:00:00.000Z,-1.6,0,275,10,,
2025-11-29T19:00:00.000Z,-1.9,0,282,8.3,,
2025-11-29T20:00:00.000Z,-2.2,0,274,9.3,,
2025-11-29T21:00:00.000Z,-2.5,0,270,8.3,,
2025-11-29T22:00:00.000Z,-2.7,0,279,6.6,,
2025-11-29T23:00:00.000Z,-3.4,0,248,4.1,,
2025-11-30T00:00:00.000Z,-3.9,0,258,5,,
2025-11-30T01:00:00.000Z,-4.5,0,273,4.4,,
2025-11-30T02:00:00.000Z,-4.7,0,246,4,,
2025-11-30T03:00:00.000Z,-5.2,0,271,4.1,,
2025-11-30T04:00:00.000Z,-5.2,0,299,3.8,,
2025-11-30T05:00:00.000Z,-5.6,0,271,3.8,,
2025-11-30T06:00:00.000Z,-5.3,0,296,4.1,,
2025-11-30T07:00:00.000Z,-5.4,0,289,3.4,,
2025-11-30T08:00:00.000Z,-5.3,0,290,3.3,,
2025-11-30T09:00:00.000Z,-5,0,317,1,,
2025-11-30T10:00:00.000Z,-3.5,0,21,1.2,,
2025-11-30T11:00:00.000Z,-4.4,0,143,2.4,,
2025-11-30T12:00:00.000Z,-4.5,0,125,2,,
2025-11-30T13:00:00.000Z,-5,0.3,122,2.7,,
2025-11-30T14:00:00.000Z,-5,0.3,115,3.3,,
2025-11-30T15:00:00.000Z,-5.2,0.4,103,2.9,,
2025-11-30T16:00:00.000Z,-5.5,0.7,99,3,,
2025-11-30T17:00:00.000Z,-5.4,0.7,86,3.5,,
2025-11-30T18:00:00.000Z,-5.4,1.1,82,4.1,,
2025-11-30T19:00:00.000Z,-5.6,1.6,58,3.6,,
2025-11-30T20:00:00.000Z,-5.6,1.6,55,3.5,,
2025-11-30T21:00:00.000Z,-5.6,1.6,51,3.1,,
2025-11-30T22:00:00.000Z,-5.7,1,30,2.4,,
2025-11-30T23:00:00.000Z,-5.7,0.5,9,2.4,,
2025-12-01T00:00:00.000Z,-5.7,0,5,2.3,,
2025-12-01T02:00:00.000Z,-5.6,0,9,2.4,,
2025-12-01T03:00:00.000Z,-5.6,0,5,2.1,,
2025-12-01T04:00:00.000Z,-5.6,0,18,1.7,,
2025-12-01T05:00:00.000Z,-5.6,0.4,357,1.4,,
2025-12-01T06:00:00.000Z,-5.9,0.6,350,1,,
2025-12-01T07:00:00.000Z,-5.6,0,319,0.9,,
2025-12-01T08:00:00.000Z,-6.1,0,172,0.8,,
2025-12-01T09:00:00.000Z,-5.4,0,212,1.8,,
2025-12-01T10:00:00.000Z,-4.4,0,243,3.2,,
2025-12-01T11:00:00.000Z,-4,0,247,4.3,,
2025-12-01T12:00:00.000Z,-4.2,0,248,1.7,,
2025-12-01T13:00:00.000Z,-3.5,0,238,2.1,,
2025-12-01T14:00:00.000Z,-3.7,0,263,2.7,,
2025-12-01T15:00:00.000Z,-4,0,239,3.1,,
2025-12-01T16:00:00.000Z,-3.4,0,235,4.1,,
2025-12-01T17:00:00.000Z,-4.1,0,211,2.9,,
2025-12-01T18:00:00.000Z,-4,0,200,2.8,,
2025-12-01T19:00:00.000Z,-4.1,0,186,2.9,,
2025-12-01T20:00:00.000Z,-3.7,0,218,4.6,,
2025-12-01T21:00:00.000Z,-3.5,0.1,212,6.9,,
2025-12-01T22:00:00.000Z,-3.3,0.3,202,5,,
2025-12-01T23:00:00.000Z,-2.9,0,187,5.6,,
2025-12-02T00:00:00.000Z,-2.5,0.5,185,4.5,,
2025-12-02T01:00:00.000Z,-1.5,0.5,173,5.7,,
2025-12-02T02:00:00.000Z,-0.8,0.3,167,4.3,,
2025-12-02T03:00:00.000Z,-0.7,0.2,172,5.2,,
2025-12-02T04:00:00.000Z,-0.7,0.1,177,5.3,,
2025-12-02T05:00:00.000Z,-0.7,0,191,7,,
2025-12-02T06:00:00.000Z,-0.8,0,193,6,,
2025-12-02T07:00:00.000Z,-0.6,0.2,189,6.3,,
2025-12-02T08:00:00.000Z,-0.4,0,199,6.5,,
2025-12-02T09:00:00.000Z,-0.4,0,186,6.8,,
2025-12-02T10:00:00.000Z,-0.3,0,185,5.3,,
2025-12-02T11:00:00.000Z,-0.2,0,187,4.5,,
2025-12-02T12:00:00.000Z,0,0,197,4.9,,
2025-12-02T13:00:00.000Z,0,0,170,3.6,,
2025-12-02T14:00:00.000Z,0,0,144,3.1,,
2025-12-02T15:00:00.000Z,0,0,160,3.5,,
2025-12-02T16:00:00.000Z,0,0,172,2.7,,
2025-12-02T17:00:00.000Z,0.5,0,203,4.3,,
2025-12-02T18:00:00.000Z,0.6,0,223,6.5,,
2025-12-02T19:00:00.000Z,0.7,0,222,5.9,,
2025-12-02T20:00:00.000Z,0.8,0,226,7.2,,
2025-12-02T21:00:00.000Z,1.1,0,229,7.2,,
2025-12-02T22:00:00.000Z,1.3,0,217,6.6,,
2025-12-02T23:00:00.000Z,0.7,0,209,2.7,,
2025-12-03T00:00:00.000Z,0.5,0,212,3.5,,
2025-12-03T01:00:00.000Z,0.9,0,233,6,,
2025-12-03T02:00:00.000Z,0.4,0,225,3.7,,
2025-12-03T03:00:00.000Z,-0.1,0,227,4.7,,
2025-12-03T04:00:00.000Z,0.1,0,233,6.2,,
2025-12-03T05:00:00.000Z,0.1,0,226,6,,
2025-12-03T06:00:00.000Z,-0.3,0,225,5.4,,
2025-12-03T07:00:00.000Z,-0.4,0,235,4.5,,
2025-12-03T08:00:00.000Z,-0.5,0,245,4.9,,
2025-12-03T09:00:00.000Z,-0.7,0,243,5.6,,
2025-12-03T10:00:00.000Z,-0.5,0,243,6.1,,
2025-12-03T11:00:00.000Z,-0.6,0,246,6.2,,
2025-12-03T12:00:00.000Z,-0.8,0,243,5.8,,
2025-12-03T13:00:00.000Z,-1.2,0,256,6.6,,
2025-12-03T14:00:00.000Z,-1.3,0,264,6.4,,
2025-12-03T15:00:00.000Z,-0.6,0,302,4.6,,
2025-12-03T16:00:00.000Z,-1.7,0,257,5,,
2025-12-03T17:00:00.000Z,-1.8,0,258,6.6,,
2025-12-03T18:00:00.000Z,-1.2,0,267,5.3,,
2025-12-03T19:00:00.000Z,-2.1,0,260,5.2,,
2025-12-03T20:00:00.000Z,-1,0,251,5.4,,
2025-12-03T21:00:00.000Z,-0.3,0,257,5.8,,
2025-12-03T22:00:00.000Z,-1.3,0,256,5.5,,
2025-12-03T23:00:00.000Z,-0.4,0,254,5,,
2025-12-04T00:00:00.000Z,-0.6,0,249,5.5,,
2025-12-04T01:00:00.000Z,-0.9,0,237,3.7,,
2025-12-04T02:00:00.000Z,-0.5,0,249,5.2,,
2025-12-04T03:00:00.000Z,-0.6,0,247,4.1,,
2025-12-04T04:00:00.000Z,-0.6,0,243,4.5,,
2025-12-04T05:00:00.000Z,-0.9,0,231,3.8,,
2025-12-04T06:00:00.000Z,-1.4,0,222,4.5,,
2025-12-04T07:00:00.000Z,-0.9,0,243,4,,
2025-12-04T08:00:00.000Z,-0.7,0,227,3.9,,
2025-12-04T09:00:00.000Z,-0.6,0,248,4.2,,
2025-12-04T10:00:00.000Z,-0.5,0,254,4.1,,
2025-12-04T11:00:00.000Z,-0.6,0,238,3.4,,
2025-12-04T12:00:00.000Z,-1,0,227,2.8,,
2025-12-04T13:00:00.000Z,-1,0,230,3.4,,
2025-12-04T14:00:00.000Z,-1.5,0,242,4.2,,
2025-12-04T15:00:00.000Z,-1.6,0,244,4.4,,
2025-12-04T16:00:00.000Z,-1.8,0,245,3.5,,
2025-12-04T17:00:00.000Z,-1.7,0,250,4.7,,
2025-12-04T18:00:00.000Z,-1.7,0,264,3.9,,
2025-12-04T19:00:00.000Z,-1.3,0,264,4.5,,
2025-12-04T20:00:00.000Z,-2,0,262,2.6,,
2025-12-04T21:00:00.000Z,-1.5,0,269,3.6,,
2025-12-04T22:00:00.000Z,-1.6,0,258,2.4,,
2025-12-04T23:00:00.000Z,-1.7,0,286,2.1,,
2025-12-05T00:00:00.000Z,-1.8,0,249,3.1,,
2025-12-05T01:00:00.000Z,-2.3,0,257,3.9,,
2025-12-05T02:00:00.000Z,-2.7,0,262,3.2,,
2025-12-05T03:00:00.000Z,-2.6,0,257,3.1,,
2025-12-05T04:00:00.000Z,-3,0,246,2.1,,
2025-12-05T05:00:00.000Z,-4.4,0,249,2.4,,
2025-12-05T06:00:00.000Z,-3.9,0,259,2.3,,
2025-12-05T07:00:00.000Z,-3.7,0,267,1.2,,
2025-12-05T08:00:00.000Z,-4.4,0,298,1.6,,
2025-12-05T09:00:00.000Z,-5.9,0,265,2.1,,
2025-12-05T10:00:00.000Z,-5.7,0,248,2.3,,
2025-12-05T11:00:00.000Z,-5.3,0,249,2.1,,
2025-12-05T12:00:00.000Z,-4.8,0,259,1.4,,
2025-12-05T13:00:00.000Z,-4.7,0,231,0.8,,
2025-12-05T14:00:00.000Z,-4.7,0,273,1.8,,
2025-12-05T15:00:00.000Z,-4.2,0,228,1.5,,
2025-12-05T16:00:00.000Z,-4.7,0,204,1.2,,
2025-12-05T17:00:00.000Z,-4.4,0,237,2,,
2025-12-05T18:00:00.000Z,-3.5,0,232,1.9,,
2025-12-05T19:00:00.000Z,-4.5,0,180,1.7,,
2025-12-05T20:00:00.000Z,-3.9,0,176,2.5,,
2025-12-05T21:00:00.000Z,-3.7,0,174,2.1,,
2025-12-05T22:00:00.000Z,-3.6,0,178,2.4,,
2025-12-06T00:00:00.000Z,-3.2,0,175,1.9,,
2025-12-06T01:00:00.000Z,-3.2,0,130,1.4,,
2025-12-06T02:00:00.000Z,-3.2,0,128,2,,
2025-12-06T03:00:00.000Z,-2.7,0,146,2.2,,
2025-12-06T04:00:00.000Z,-2.8,0,112,1.4,,
2025-12-06T05:00:00.000Z,-2.7,0,88,1.2,,
2025-12-06T06:00:00.000Z,-2.9,0.4,29,1.5,,
2025-12-06T07:00:00.000Z,-2.5,0.2,52,2.3,,
2025-12-06T08:00:00.000Z,-2.6,0.3,49,2.2,,
2025-12-06T09:00:00.000Z,-2.4,0.3,62,2,,
2025-12-06T10:00:00.000Z,-2.2,0.5,61,2.4,,
2025-12-06T11:00:00.000Z,-2,0.5,76,2.4,,
2025-12-06T12:00:00.000Z,-2,0.4,73,2.7,,
2025-12-06T13:00:00.000Z,-1.9,0.3,62,2.3,,
2025-12-06T14:00:00.000Z,-1.7,0.5,66,2.9,,
2025-12-06T15:00:00.000Z,-1.7,0.4,65,2.8,,
2025-12-06T16:00:00.000Z,-1.8,0.5,61,3.4,,
2025-12-06T17:00:00.000Z,-2,0.6,52,3.1,,
2025-12-06T18:00:00.000Z,-2.2,0.6,48,2.8,,
2025-12-06T19:00:00.000Z,-2.3,0.5,30,3,,
2025-12-06T20:00:00.000Z,-2.4,0.3,31,3.5,,
2025-12-06T21:00:00.000Z,-2.4,0.2,23,2.7,,
2025-12-06T22:00:00.000Z,-2.4,0.3,21,2.6,,
2025-12-06T23:00:00.000Z,-2.3,0.2,26,2.7,,
2025-12-07T00:00:00.000Z,-2.3,0.4,26,2.7,,
2025-12-07T01:00:00.000Z,-2.3,0.3,20,2.7,,
2025-12-07T02:00:00.000Z,-2.4,0.6,11,2.8,,
2025-12-07T04:00:00.000Z,-2.3,0.2,10,2.3,,
2025-12-07T05:00:00.000Z,-2.3,0.1,357,2.2,,
2025-12-07T06:00:00.000Z,-2.3,0.1,358,1.6,,
2025-12-07T07:00:00.000Z,-2.3,0.1,357,1.2,,
2025-12-07T08:00:00.000Z,-2.5,0.1,360,1.5,,
2025-12-07T11:00:00.000Z,-2.2,0.3,166,1.5,,
2025-12-07T12:00:00.000Z,-2.1,0.3,171,1.8,,
2025-12-07T13:00:00.000Z,-2,0.4,176,2.3,,
2025-12-07T14:00:00.000Z,-2.2,0.6,168,2.6,,
2025-12-07T15:00:00.000Z,-1.9,0.2,170,2.6,,
2025-12-07T16:00:00.000Z,-1.9,0.2,175,2.7,,
2025-12-07T17:00:00.000Z,-1.8,0.1,173,2.9,,
2025-12-07T18:00:00.000Z,-1.6,0.2,168,3.6,,
2025-12-07T19:00:00.000Z,-1.7,0.3,175,2.7,,
2025-12-07T20:00:00.000Z,-1.6,0.4,177,2.8,,
2025-12-07T21:00:00.000Z,-1.5,0.1,177,3.1,,
2025-12-07T22:00:00.000Z,-1.3,0.3,174,3.3,,
2025-12-07T23:00:00.000Z,-1.3,0.1,168,3.2,,
2025-12-08T00:00:00.000Z,-1.2,0,173,3,,
2025-12-08T01:00:00.000Z,-1.1,0.1,181,2.6,,
2025-12-08T02:00:00.000Z,-1,0.2,180,4,,
2025-12-08T03:00:00.000Z,-0.9,0.2,173,3.2,,
2025-12-08T04:00:00.000Z,-1,0.2,164,3.5,,
2025-12-08T05:00:00.000Z,-1,0,169,4.1,,
2025-12-08T06:00:00.000Z,-1.1,0,164,3.5,,
2025-12-08T08:00:00.000Z,-1.1,0.2,163,3.5,,
2025-12-08T09:00:00.000Z,-1,0,162,2.9,,
2025-12-08T10:00:00.000Z,-0.8,0.1,173,3.2,,
2025-12-08T11:00:00.000Z,-0.7,0.1,167,3.9,,
2025-12-08T12:00:00.000Z,-0.6,0,172,3,,
2025-12-08T13:00:00.000Z,-1,0,162,1.9,,
2025-12-08T14:00:00.000Z,-1.1,0,141,2.2,,
2025-12-08T16:00:00.000Z,-1,0.3,126,1.6,,
2025-12-08T18:00:00.000Z,-1,0.6,96,1.3,,
2025-12-08T19:00:00.000Z,-1.1,0.4,84,1,,
2025-12-08T20:00:00.000Z,-0.9,0.3,8,1.2,,
2025-12-08T21:00:00.000Z,-1,0.4,14,1.3,,
2025-12-08T22:00:00.000Z,-1.2,0.2,360,1.8,,
2025-12-08T23:00:00.000Z,-1.1,0,345,1.3,,
2025-12-09T00:00:00.000Z,-1.2,0,289,0.9,,
2025-12-09T02:00:00.000Z,-1.1,0,91,0.6,,
2025-12-09T03:00:00.000Z,-0.8,0,226,1.5,,
2025-12-09T04:00:00.000Z,-0.7,0,241,2.1,,
2025-12-09T05:00:00.000Z,-0.5,0,252,1.4,,
2025-12-09T06:00:00.000Z,-0.6,0,301,1.5,,
2025-12-09T07:00:00.000Z,-0.5,0,275,2.4,,
2025-12-09T08:00:00.000Z,-1.2,0,281,3,,
2025-12-09T09:00:00.000Z,-1.5,0,332,2.5,,
2025-12-09T10:00:00.000Z,-1.2,0,334,2.2,,
2025-12-09T11:00:00.000Z,-1.3,0,350,2.9,,
2025-12-09T12:00:00.000Z,-1,0,311,1.7,,
2025-12-09T13:00:00.000Z,-1,0,255,3,,
2025-12-09T14:00:00.000Z,-2.2,0,282,2.7,,
2025-12-09T15:00:00.000Z,-3.2,0,265,2.5,,
2025-12-09T16:00:00.000Z,-3.1,0,292,3.2,,
2025-12-09T17:00:00.000Z,-3.3,0,305,1.9,,
2025-12-09T18:00:00.000Z,-3.3,0,323,1.1,,
2025-12-09T19:00:00.000Z,-3.3,0,247,2.9,,
2025-12-09T20:00:00.000Z,-3.3,0,246,3.4,,
2025-12-09T21:00:00.000Z,-3,0,257,4.5,,
2025-12-09T22:00:00.000Z,-2.6,0,256,3.9,,
2025-12-09T23:00:00.000Z,-2.7,0,251,3.6,,
2025-12-10T00:00:00.000Z,-2.5,0,248,3.1,,
2025-12-10T01:00:00.000Z,-2.2,0,224,3.1,,
2025-12-10T02:00:00.000Z,-2.4,0,210,2.6,,
2025-12-10T03:00:00.000Z,-2.5,0,199,4,,
2025-12-10T04:00:00.000Z,-2.3,0,193,4.2,,
2025-12-10T05:00:00.000Z,-2.4,0,185,4.4,,
2025-12-10T06:00:00.000Z,-2.5,0.8,189,3.7,,
2025-12-10T07:00:00.000Z,-2.2,1.3,188,4.6,,
2025-12-10T08:00:00.000Z,-2.2,1.2,179,4.6,,
2025-12-10T17:00:00.000Z,-0.1,0,259,7.5,,
2025-12-10T18:00:00.000Z,-0.2,0,258,7.5,,
2025-12-10T19:00:00.000Z,-0.2,0,251,6.7,,
2025-12-10T20:00:00.000Z,-0.5,0,253,7.7,,
2025-12-10T21:00:00.000Z,-0.6,0,254,8.2,,
2025-12-10T22:00:00.000Z,-0.8,0,253,7.2,,
2025-12-10T23:00:00.000Z,-0.8,0,258,8.5,,
2025-12-11T00:00:00.000Z,-1,0,257,5,,
2025-12-11T01:00:00.000Z,-1.1,0,246,4.4,,
2025-12-11T02:00:00.000Z,-1.2,0,253,6.9,,
2025-12-11T03:00:00.000Z,-1.4,0,257,4.5,,
2025-12-11T04:00:00.000Z,-1.6,0,247,3.7,,
2025-12-11T05:00:00.000Z,-1.8,0,253,4.2,,
2025-12-11T06:00:00.000Z,-1.8,0,260,3.7,,
2025-12-11T07:00:00.000Z,-1.4,0,264,3.1,,
2025-12-11T08:00:00.000Z,-1.6,0,193,1.3,,
2025-12-11T10:00:00.000Z,-2.6,0.2,61,1.6,,
2025-12-11T11:00:00.000Z,-2.7,0.1,339,0.6,,
2025-12-11T12:00:00.000Z,-2.3,0,54,1.1,,
2025-12-11T13:00:00.000Z,-2.6,0.1,18,1.5,,
2025-12-11T14:00:00.000Z,-3.5,0.1,329,0.9,,
2025-12-11T16:00:00.000Z,-4.1,0,313,1,,
2025-12-11T17:00:00.000Z,-5.1,0,359,2.1,,
2025-12-11T18:00:00.000Z,-5.4,0.1,7,1.6,,
2025-12-11T19:00:00.000Z,-6.1,0,326,1.6,,
2025-12-11T20:00:00.000Z,-6.1,0,355,1.9,,
2025-12-11T21:00:00.000Z,-6.4,0,298,1.7,,
2025-12-11T22:00:00.000Z,-5.9,0,345,1,,
2025-12-12T01:00:00.000Z,-5.4,0.8,97,1.1,,
2025-12-12T02:00:00.000Z,-5.3,0.8,106,1,,
2025-12-12T03:00:00.000Z,-5.2,0.7,117,1.3,,
2025-12-12T04:00:00.000Z,-5.3,0.6,107,1.6,,
2025-12-12T05:00:00.000Z,-5,0.5,111,2.1,,
2025-12-12T06:00:00.000Z,-5,0.5,140,2.9,,
2025-12-12T07:00:00.000Z,-4.8,0.7,143,3.4,,
2025-12-12T08:00:00.000Z,-4.9,0.5,122,2.8,,
2025-12-12T09:00:00.000Z,-5.8,0.4,139,4.4,,
2025-12-12T11:00:00.000Z,-5.7,0.2,146,4.4,,
2025-12-12T12:00:00.000Z,-6.2,0.1,150,5.2,,
2025-12-12T13:00:00.000Z,-6.5,0.2,146,4.6,,
2025-12-12T14:00:00.000Z,-6.9,0.3,157,4.6,,
2025-12-12T15:00:00.000Z,-7,0.5,161,4.5,,
2025-12-12T16:00:00.000Z,-7,0,164,5.5,,
2025-12-12T17:00:00.000Z,-6.8,0.3,165,5.6,,
2025-12-12T18:00:00.000Z,-6.5,0.1,166,5.6,,
2025-12-12T19:00:00.000Z,-6.4,0.3,168,6.1,,
2025-12-12T20:00:00.000Z,-6.4,0.3,165,5.5,,
2025-12-12T21:00:00.000Z,-6.5,0.2,170,6,,
2025-12-12T22:00:00.000Z,-6.6,0.3,167,5.7,,
2025-12-12T23:00:00.000Z,-6.6,0.3,168,4.8,,
2025-12-13T00:00:00.000Z,-6.7,0.4,166,5.5,,
2025-12-13T01:00:00.000Z,-6.4,0.1,169,4.7,,
2025-12-13T02:00:00.000Z,-6.4,0.1,175,5.8,,
2025-12-13T04:00:00.000Z,-6.5,0.1,173,6.2,,
2025-12-13T05:00:00.000Z,-6.4,0,181,5.4,,
2025-12-13T06:00:00.000Z,-6.1,0.3,177,5.3,,
2025-12-13T07:00:00.000Z,-5.8,1.2,181,5,,
2025-12-13T08:00:00.000Z,-5.2,1.1,188,5.8,,
2025-12-13T09:00:00.000Z,-4.9,0.9,197,5.7,,
2025-12-13T10:00:00.000Z,-4.4,0.9,200,5.2,,
2025-12-13T11:00:00.000Z,-3.6,1.4,207,5.3,,
2025-12-13T12:00:00.000Z,-2.7,0.4,216,5.2,,
2025-12-13T13:00:00.000Z,-1.9,0.3,238,5.6,,
2025-12-13T14:00:00.000Z,-2.2,0.4,266,6.4,,
2025-12-13T15:00:00.000Z,-1.8,0.1,287,5.1,,
2025-12-13T16:00:00.000Z,-2,0,291,3.6,,
2025-12-13T17:00:00.000Z,-2.3,0,285,3.1,,
2025-12-13T18:00:00.000Z,-2.8,0,282,3.2,,
2025-12-13T19:00:00.000Z,-3.6,0,256,2.6,,
2025-12-13T20:00:00.000Z,-2.9,0,252,3.2,,
2025-12-13T21:00:00.000Z,-2.6,0,243,2.9,,
2025-12-13T22:00:00.000Z,-2.4,0,217,2.6,,
2025-12-13T23:00:00.000Z,-2.2,0,196,4,,
2025-12-14T00:00:00.000Z,-2.7,0,208,4.6,,
2025-12-14T01:00:00.000Z,-3.3,0,206,4.5,,
2025-12-14T02:00:00.000Z,-3.9,0,205,4.5,,
2025-12-14T03:00:00.000Z,-3.6,0,191,4.5,,
2025-12-14T04:00:00.000Z,-2.6,0,204,7.1,,
2025-12-14T05:00:00.000Z,-2.6,0,203,6.6,,
2025-12-14T07:00:00.000Z,-1.6,0.3,209,6.2,,
2025-12-14T08:00:00.000Z,-0.8,0.7,219,8,,
2025-12-14T09:00:00.000Z,-0.3,0.2,233,8.5,,
2025-12-14T10:00:00.000Z,-0.2,0.9,244,8.5,,
2025-12-14T11:00:00.000Z,0,1.3,247,7.4,,
2025-12-14T12:00:00.000Z,0,0,248,7.1,,
2025-12-14T13:00:00.000Z,0,0,251,7.1,,
2025-12-14T14:00:00.000Z,0,0,255,7.6,,
2025-12-14T15:00:00.000Z,0,0,264,7.6,,
2025-12-14T16:00:00.000Z,-0.2,0,263,7.3,,
2025-12-14T17:00:00.000Z,0,0,260,7.7,,
2025-12-14T18:00:00.000Z,0,0,262,7.4,,
2025-12-14T19:00:00.000Z,-0.5,0,246,5.4,,
2025-12-14T20:00:00.000Z,-1,0,223,2.9,,
2025-12-14T21:00:00.000Z,-0.5,0,242,4.2,,
2025-12-14T22:00:00.000Z,0.3,0,253,6,,
2025-12-14T23:00:00.000Z,0.6,0,243,6.4,,
2025-12-15T00:00:00.000Z,1.8,0,236,7,,
2025-12-15T01:00:00.000Z,1.7,0,234,6.6,,
2025-12-15T02:00:00.000Z,1.3,0,207,7,,
2025-12-15T03:00:00.000Z,2.5,0,224,7.2,,
2025-12-15T04:00:00.000Z,2.5,0,223,6.1,,
2025-12-15T05:00:00.000Z,2.6,0,221,7,,
2025-12-15T06:00:00.000Z,2.8,0,234,9.5,,
2025-12-15T07:00:00.000Z,2.8,0,232,8,,
2025-12-15T08:00:00.000Z,2.9,0,233,6.5,,
2025-12-15T09:00:00.000Z,2.7,0,237,7.4,,
2025-12-15T10:00:00.000Z,2.6,0,240,8.1,,
2025-12-15T11:00:00.000Z,3,0,244,7.5,,
2025-12-15T12:00:00.000Z,2.7,0,242,2.6,,
2025-12-15T13:00:00.000Z,2.8,0,247,4.9,,
2025-12-15T14:00:00.000Z,2.7,0,258,3.8,,
2025-12-15T15:00:00.000Z,1.5,0,325,2.2,,
2025-12-15T17:00:00.000Z,1.7,0,288,1.9,,
2025-12-15T18:00:00.000Z,1.8,0,186,1.9,,
2025-12-15T19:00:00.000Z,2.1,0,194,1.8,,
2025-12-15T20:00:00.000Z,1.9,0,174,2.5,,
2025-12-15T21:00:00.000Z,1.9,0,184,2.5,,
2025-12-15T22:00:00.000Z,1.9,0,194,2.5,,
2025-12-16T00:00:00.000Z,1.9,0,195,2.6,,
2025-12-16T01:00:00.000Z,2.2,0,172,3,,
2025-12-16T02:00:00.000Z,2.3,0,200,4,,
2025-12-16T03:00:00.000Z,2.3,0.1,218,3.2,,
2025-12-16T04:00:00.000Z,2.4,0.1,214,2.7,,
2025-12-16T05:00:00.000Z,2.5,0.1,240,1.4,,
2025-12-16T06:00:00.000Z,2.3,0.1,223,1.6,,
2025-12-16T07:00:00.000Z,2,0.1,262,1.9,,
2025-12-16T08:00:00.000Z,1.8,0,257,2.5,,
2025-12-16T09:00:00.000Z,1.7,0,239,2.4,,
2025-12-16T10:00:00.000Z,1.9,0,239,3.4,,
2025-12-16T11:00:00.000Z,2.1,0,247,3.6,,
2025-12-16T12:00:00.000Z,2.2,0,240,3.3,,
2025-12-16T13:00:00.000Z,2,0,246,4,,
2025-12-16T14:00:00.000Z,2,0,254,7.3,,
2025-12-16T15:00:00.000Z,1.8,0,262,5.6,,
2025-12-16T16:00:00.000Z,1.7,0,259,5.7,,
2025-12-16T17:00:00.000Z,1.5,0,267,5.3,,
2025-12-16T18:00:00.000Z,1.5,0,254,3,,
2025-12-16T19:00:00.000Z,1.4,0,265,1,,
2025-12-16T20:00:00.000Z,1.4,0,238,3.7,,
2025-12-16T21:00:00.000Z,1.5,0,255,4.4,,
2025-12-16T22:00:00.000Z,1.2,0,243,4,,
2025-12-16T23:00:00.000Z,1.9,0,261,5.2,,
2025-12-17T00:00:00.000Z,2,0,233,2.7,,
2025-12-17T01:00:00.000Z,1.5,0.2,194,1.9,,
2025-12-17T02:00:00.000Z,1.5,0,186,1.6,,
2025-12-17T03:00:00.000Z,1.6,0.8,218,1.9,,
2025-12-17T04:00:00.000Z,0.4,1.9,256,2.5,,
2025-12-17T05:00:00.000Z,0,1.4,338,3.3,,
2025-12-17T06:00:00.000Z,0,0.5,330,4.7,,
2025-12-17T07:00:00.000Z,-0.3,0.2,334,4.3,,
2025-12-17T08:00:00.000Z,-0.2,0.7,331,4.8,,
2025-12-17T09:00:00.000Z,-0.5,0.1,327,3.2,,
2025-12-17T10:00:00.000Z,-0.8,0,287,4.2,,
2025-12-17T11:00:00.000Z,-0.9,0,280,5,,
2025-12-17T12:00:00.000Z,-0.9,0,275,4,,
2025-12-17T13:00:00.000Z,-1.4,0,271,3.5,,
2025-12-17T14:00:00.000Z,-1.8,0,255,2.8,,
2025-12-17T15:00:00.000Z,-1.2,0,264,3.3,,
2025-12-17T16:00:00.000Z,-1.6,0,252,3.5,,
2025-12-17T17:00:00.000Z,-2.3,0,258,4.1,,
2025-12-17T18:00:00.000Z,-2.6,0,253,4.3,,
2025-12-17T19:00:00.000Z,-2.2,0,211,2.9,,
2025-12-17T20:00:00.000Z,-3.5,0,192,4.4,,
2025-12-17T21:00:00.000Z,-2.5,0,230,4.5,,
2025-12-17T22:00:00.000Z,-4.5,0,239,6.3,,
2025-12-17T23:00:00.000Z,-3.9,0,225,6.7,,
2025-12-18T00:00:00.000Z,-4.1,0,207,6.7,,
2025-12-18T01:00:00.000Z,-4,0,200,7.9,,
2025-12-18T02:00:00.000Z,-2.6,0,220,10.4,,
2025-12-18T03:00:00.000Z,-1.9,0,231,10.2,,
2025-12-18T04:00:00.000Z,-1.6,0,226,9.4,,
2025-12-18T05:00:00.000Z,-0.5,0,215,7.4,,
2025-12-18T06:00:00.000Z,-0.2,0.1,184,2.5,,
2025-12-18T07:00:00.000Z,0,0.2,185,3.3,,
2025-12-18T08:00:00.000Z,-0.2,0,207,8.1,,
2025-12-18T09:00:00.000Z,-0.3,0.1,208,9,,
2025-12-18T10:00:00.000Z,-0.7,0.3,205,10.5,,
2025-12-18T11:00:00.000Z,-0.6,0.1,210,11.3,,
2025-12-18T12:00:00.000Z,-0.6,0.2,208,9.9,,
2025-12-18T13:00:00.000Z,-0.7,1.1,211,7.7,,
2025-12-18T14:00:00.000Z,-0.5,0.4,218,8.5,,
2025-12-18T15:00:00.000Z,0.1,0,224,8.8,,
2025-12-18T16:00:00.000Z,0.6,0,223,9.6,,
2025-12-18T17:00:00.000Z,1.6,0,237,8.9,,
2025-12-18T18:00:00.000Z,1.7,0,249,8.8,,
2025-12-18T19:00:00.000Z,1.4,0,253,10.4,,
2025-12-18T20:00:00.000Z,1.1,0,250,7.8,,
2025-12-18T21:00:00.000Z,1.3,0,252,8.9,,
2025-12-18T22:00:00.000Z,1.2,0,244,7.2,,
2025-12-18T23:00:00.000Z,0.5,0,204,5.1,,
2025-12-19T00:00:00.000Z,0.9,0,198,4.3,,
2025-12-19T01:00:00.000Z,0.6,0,212,5.5,,
2025-12-19T02:00:00.000Z,0.8,0,224,3.8,,
2025-12-19T03:00:00.000Z,3.5,0,245,3.5,,
2025-12-19T04:00:00.000Z,3.8,0,185,3.9,,
2025-12-19T05:00:00.000Z,0.8,0,195,5.1,,
2025-12-19T06:00:00.000Z,0.8,0,175,4.6,,
2025-12-19T07:00:00.000Z,0.5,0,155,5.6,,
2025-12-19T08:00:00.000Z,0.6,0,166,6.4,,
2025-12-19T09:00:00.000Z,0.5,0,155,5.4,,
2025-12-19T10:00:00.000Z,0.8,0,179,6.7,,
2025-12-19T11:00:00.000Z,1.2,0.3,188,7.9,,
2025-12-19T12:00:00.000Z,1.8,0.2,195,6.8,,
2025-12-19T13:00:00.000Z,2,0.1,216,6.8,,
2025-12-19T14:00:00.000Z,1.8,0,246,5.6,,
2025-12-19T15:00:00.000Z,1.2,0,229,6.9,,
2025-12-19T16:00:00.000Z,1.1,0,230,6.3,,
2025-12-19T17:00:00.000Z,1.5,0,237,8.1,,
2025-12-19T18:00:00.000Z,1.4,0,231,10.1,,
2025-12-19T19:00:00.000Z,1.7,0,237,9.8,,
2025-12-19T20:00:00.000Z,1.6,0,233,9.8,,
2025-12-19T21:00:00.000Z,1.2,0,228,9,,
2025-12-19T22:00:00.000Z,1.1,0,234,9.8,,
2025-12-19T23:00:00.000Z,1.1,0,234,8.8,,
2025-12-20T00:00:00.000Z,1.4,0,245,10.4,,
2025-12-20T01:00:00.000Z,1,0,246,10,,
2025-12-20T02:00:00.000Z,1.2,0,243,10.9,,
2025-12-20T03:00:00.000Z,1.2,0,240,10.5,,
2025-12-20T04:00:00.000Z,0.9,0,225,4.7,,
2025-12-20T05:00:00.000Z,0.8,0,240,6.7,,
2025-12-20T06:00:00.000Z,0.9,0,254,8.8,,
2025-12-20T07:00:00.000Z,0.3,0,264,8.5,,
2025-12-20T08:00:00.000Z,0.2,0,257,7.6,,
2025-12-20T09:00:00.000Z,0.8,0,270,11.3,,
2025-12-20T10:00:00.000Z,1,0,261,10.8,,
2025-12-20T11:00:00.000Z,1.1,0,260,10.5,,
2025-12-20T12:00:00.000Z,0.2,0,278,10.3,,
2025-12-20T13:00:00.000Z,1,0,299,8.7,,
2025-12-20T14:00:00.000Z,1,0,303,5.4,,
2025-12-20T15:00:00.000Z,1.2,0,311,7.6,,
2025-12-20T16:00:00.000Z,1.1,0,303,8.3,,
2025-12-20T17:00:00.000Z,1.5,0,321,10,,
2025-12-20T18:00:00.000Z,1.2,0,323,6.8,,
2025-12-20T19:00:00.000Z,1,0,316,7.5,,
2025-12-20T20:00:00.000Z,1.3,0,312,8.6,,
2025-12-20T21:00:00.000Z,1.2,0,324,8.2,,
2025-12-20T22:00:00.000Z,0.7,0,313,7.1,,
2025-12-20T23:00:00.000Z,0.4,0,308,5.8,,
2025-12-21T00:00:00.000Z,0.9,0,306,7.8,,
2025-12-21T01:00:00.000Z,0.7,0,299,7.1,,
2025-12-21T02:00:00.000Z,-0.3,0,304,6.8,,
2025-12-21T03:00:00.000Z,0.3,0,287,6.4,,
2025-12-21T04:00:00.000Z,-0.2,0,285,5,,
2025-12-21T05:00:00.000Z,-0.8,0,297,6.1,,
2025-12-21T06:00:00.000Z,-0.4,0,304,7.6,,
2025-12-21T07:00:00.000Z,-0.7,0,320,5.4,,
2025-12-21T08:00:00.000Z,-0.7,0,317,8.1,,
2025-12-21T09:00:00.000Z,-0.6,0,318,6.7,,
2025-12-21T10:00:00.000Z,-0.3,0,323,7.2,,
2025-12-21T11:00:00.000Z,-0.6,0,323,6.8,,
2025-12-21T12:00:00.000Z,-0.7,0,337,5.6,,
2025-12-21T13:00:00.000Z,-1.2,0,314,5.8,,
2025-12-21T14:00:00.000Z,-1.5,0,333,6.2,,
2025-12-21T15:00:00.000Z,-1.5,0,324,5.2,,
2025-12-21T16:00:00.000Z,-1.6,0,322,4.5,,
2025-12-21T17:00:00.000Z,-1.5,0,319,4.3,,
2025-12-21T18:00:00.000Z,-2.3,0,304,4,,
2025-12-21T19:00:00.000Z,-2.6,0,303,3.5,,
2025-12-21T20:00:00.000Z,-2.2,0,312,3.7,,
2025-12-21T21:00:00.000Z,-2.4,0,303,3.1,,
2025-12-21T22:00:00.000Z,-2.4,0,329,2.6,,
2025-12-21T23:00:00.000Z,-2.4,0,320,3.4,,
2025-12-22T00:00:00.000Z,-2.3,0,344,2.6,,
2025-12-22T01:00:00.000Z,-2.4,0,338,3.3,,
2025-12-22T02:00:00.000Z,-2.6,0,348,2.9,,
2025-12-22T03:00:00.000Z,-2.6,0,352,2.6,,
2025-12-22T04:00:00.000Z,-2.6,0,360,2.1,,
2025-12-22T05:00:00.000Z,-2.7,0,7,1.9,,
2025-12-22T06:00:00.000Z,-2.9,0,10,2.2,,
2025-12-22T07:00:00.000Z,-3.8,0,358,2.5,,
2025-12-22T08:00:00.000Z,-4.1,0,359,2.5,,
2025-12-22T09:00:00.000Z,-3.7,0,11,2.3,,
2025-12-22T10:00:00.000Z,-3.8,0,2,2.3,,
2025-12-22T11:00:00.000Z,-4.1,0,350,2.4,,
2025-12-22T12:00:00.000Z,-5,0,12,1.7,,
2025-12-22T13:00:00.000Z,-5.6,0,18,1.8,,
2025-12-22T14:00:00.000Z,-5.1,0,60,1,,
2025-12-22T15:00:00.000Z,-5,0,111,1.4,,
2025-12-22T16:00:00.000Z,-5.9,0,92,1.3,,
2025-12-22T17:00:00.000Z,-7.5,0,87,0.9,,
2025-12-22T18:00:00.000Z,-7.1,0,163,2.2,,
2025-12-22T19:00:00.000Z,-6.4,0,198,2.5,,
2025-12-22T20:00:00.000Z,-7,0,197,2.8,,
2025-12-22T21:00:00.000Z,-8.7,0,186,2.8,,
2025-12-22T22:00:00.000Z,-6.7,0,206,2.2,,
2025-12-22T23:00:00.000Z,-10.2,0,214,2.9,,
2025-12-23T00:00:00.000Z,-7.6,0,240,2,,
2025-12-23T01:00:00.000Z,-10,0,229,3.3,,
2025-12-23T02:00:00.000Z,-9.4,0,246,3.8,,
2025-12-23T03:00:00.000Z,-9.4,0,242,3.7,,
2025-12-23T04:00:00.000Z,-9.7,0,256,4.5,,
2025-12-23T05:00:00.000Z,-9.5,0,252,4.8,,
2025-12-23T06:00:00.000Z,-9.3,0,253,5.6,,
2025-12-23T07:00:00.000Z,-9.2,0,253,5.1,,
2025-12-23T08:00:00.000Z,-9.9,0,249,6.9,,
2025-12-23T09:00:00.000Z,-9.2,0,240,4.7,,
2025-12-23T10:00:00.000Z,-8.4,0,238,5,,
2025-12-23T11:00:00.000Z,-7.7,0.2,243,6.4,,
2025-12-23T12:00:00.000Z,-7.3,0.1,253,5.6,,
2025-12-23T13:00:00.000Z,-7.3,0.1,270,5.6,,
2025-12-23T14:00:00.000Z,-7.3,0.1,265,7.1,,
2025-12-23T15:00:00.000Z,-7.4,0.1,257,4.6,,
2025-12-23T16:00:00.000Z,-7.5,0,259,4.9,,
2025-12-23T18:00:00.000Z,-6.7,0,316,3.9,,
2025-12-23T19:00:00.000Z,-5.9,0,328,4.7,,
2025-12-23T20:00:00.000Z,-5.8,0,320,4,,
2025-12-23T21:00:00.000Z,-5.2,0,318,4.5,,
2025-12-23T22:00:00.000Z,-3.7,0,325,5.1,,
2025-12-23T23:00:00.000Z,-2.9,0,328,5.4,,
2025-12-24T00:00:00.000Z,-2.4,0,327,5.6,,
2025-12-24T01:00:00.000Z,-2.4,0,327,5.8,,
2025-12-24T02:00:00.000Z,-2.5,0,331,5.5,,
2025-12-24T03:00:00.000Z,-1.7,0,329,4.9,,
2025-12-24T04:00:00.000Z,-1.9,0,329,4.4,,
2025-12-24T05:00:00.000Z,-2.1,0,319,5,,
2025-12-24T06:00:00.000Z,-2.3,0,315,4,,
2025-12-24T07:00:00.000Z,-2,0,320,3.5,,
2025-12-24T08:00:00.000Z,-2.3,0,314,3.1,,
2025-12-24T09:00:00.000Z,-1,0,306,4.1,,
2025-12-24T10:00:00.000Z,-0.9,0,288,4.2,,
2025-12-24T11:00:00.000Z,-1,0,297,4.6,,
2025-12-24T12:00:00.000Z,0,0,282,6,,
2025-12-24T13:00:00.000Z,0,0,295,4.8,,
2025-12-24T14:00:00.000Z,-0.3,0,289,6.3,,
2025-12-24T15:00:00.000Z,0.4,0,289,6.4,,
2025-12-24T16:00:00.000Z,0.1,0,284,5.9,,
2025-12-24T17:00:00.000Z,0.2,0,279,6.3,,
2025-12-24T18:00:00.000Z,0.6,0,283,4.8,,
2025-12-24T19:00:00.000Z,1.4,0,279,6,,
2025-12-24T20:00:00.000Z,1.1,0,285,6.5,,
2025-12-24T21:00:00.000Z,0.6,0,276,7.3,,
2025-12-24T22:00:00.000Z,0.7,0,271,7.1,,
2025-12-24T23:00:00.000Z,0.9,0,264,8.9,,
2025-12-25T00:00:00.000Z,0.2,0,255,8.5,,
2025-12-25T01:00:00.000Z,0.6,0,262,9.5,,
2025-12-25T02:00:00.000Z,1.2,0,255,7,,
2025-12-25T03:00:00.000Z,2.3,0,295,9.7,,
2025-12-25T04:00:00.000Z,2.5,0,298,13.6,,
2025-12-25T05:00:00.000Z,2.6,0,293,12.7,,
2025-12-25T06:00:00.000Z,2.5,0,286,13.1,,
2025-12-25T07:00:00.000Z,2.4,0,283,12.6,,
2025-12-25T08:00:00.000Z,2.9,0,287,13.7,,
2025-12-25T09:00:00.000Z,3.1,0,290,14,,
2025-12-25T10:00:00.000Z,3.4,0,285,14,,
2025-12-25T11:00:00.000Z,2.9,0,301,7.6,,
2025-12-25T12:00:00.000Z,3,0,310,9,,
2025-12-25T13:00:00.000Z,2.7,0,301,9.5,,
2025-12-25T14:00:00.000Z,2.9,0,300,8.4,,
2025-12-25T15:00:00.000Z,2.9,0,286,10.8,,
2025-12-25T16:00:00.000Z,3,0,299,9.5,,
2025-12-25T17:00:00.000Z,3,0,334,6.1,,
2025-12-25T18:00:00.000Z,3.2,0,301,11.7,,
2025-12-25T19:00:00.000Z,3,0,303,11.2,,
2025-12-25T20:00:00.000Z,2.9,0,293,9.9,,
2025-12-25T21:00:00.000Z,2.6,0,313,7.6,,
2025-12-25T22:00:00.000Z,3.1,0,300,6.4,,
2025-12-25T23:00:00.000Z,3.6,0,324,6.3,,
2025-12-26T00:00:00.000Z,2.9,0,303,8,,
2025-12-26T01:00:00.000Z,3.1,0,318,10.2,,
2025-12-26T02:00:00.000Z,3.2,0,316,10.3,,
2025-12-26T03:00:00.000Z,2.7,0,321,5.7,,
2025-12-26T04:00:00.000Z,2,0,295,4.2,,
2025-12-26T05:00:00.000Z,1.6,0,302,6.4,,
2025-12-26T06:00:00.000Z,2.5,0,336,5.4,,
2025-12-26T07:00:00.000Z,2,0,313,5.2,,
2025-12-26T08:00:00.000Z,1.8,0,304,6.1,,
2025-12-26T09:00:00.000Z,2.1,0,288,3.8,,
2025-12-26T10:00:00.000Z,2.9,0,277,3.9,,
2025-12-26T11:00:00.000Z,1.9,0,299,4.6,,
2025-12-26T12:00:00.000Z,2.3,0,300,5.1,,
2025-12-26T13:00:00.000Z,1.7,0,302,3.9,,
2025-12-26T14:00:00.000Z,1.9,0,311,3,,
2025-12-26T15:00:00.000Z,2.8,0,301,3.7,,
2025-12-26T16:00:00.000Z,3.8,0,302,3,,
2025-12-26T17:00:00.000Z,4,0,301,5.5,,
2025-12-26T18:00:00.000Z,5.5,0,300,5.4,,
2025-12-26T19:00:00.000Z,3.5,0,294,6.2,,
2025-12-26T20:00:00.000Z,4.2,0,286,5,,
2025-12-26T21:00:00.000Z,3.4,0,292,5.6,,
2025-12-26T22:00:00.000Z,3.9,0,275,7.1,,
2025-12-26T23:00:00.000Z,2.7,0,287,10.4,,
2025-12-27T00:00:00.000Z,1.9,0,288,13.7,,
2025-12-27T01:00:00.000Z,1.5,0,278,13.6,,
2025-12-27T02:00:00.000Z,1.4,0,283,11.4,,
2025-12-27T03:00:00.000Z,-1.3,0.2,307,14.1,,
2025-12-27T04:00:00.000Z,-1.8,0,300,12.8,,
2025-12-27T05:00:00.000Z,-2.8,0,309,14,,
2025-12-27T06:00:00.000Z,-3.5,0.2,307,11.9,,
2025-12-27T07:00:00.000Z,-3.6,0.6,319,9.8,,
2025-12-27T08:00:00.000Z,-4,0.1,309,12.3,,
2025-12-27T09:00:00.000Z,-4.1,0,310,13.6,,
2025-12-27T10:00:00.000Z,-4,0,307,15.7,,
2025-12-27T11:00:00.000Z,-3.6,0,312,17,,
2025-12-27T12:00:00.000Z,-3.7,0,321,14.1,,
2025-12-27T13:00:00.000Z,-3.9,0,323,14.6,,
2025-12-27T14:00:00.000Z,-4.1,0,330,14.4,,
2025-12-27T15:00:00.000Z,-4.1,0,336,14,,
2025-12-27T16:00:00.000Z,-4.3,0,334,15.5,,
2025-12-27T17:00:00.000Z,-4.4,0,337,12.2,,
2025-12-27T18:00:00.000Z,-4.4,0,343,12.9,,
2025-12-27T19:00:00.000Z,-4.7,0,327,14.2,,
2025-12-27T20:00:00.000Z,-4.2,0,333,14.7,,
2025-12-27T21:00:00.000Z,-4.6,0,344,10.2,,
2025-12-27T22:00:00.000Z,-4.6,0,337,11.6,,
2025-12-27T23:00:00.000Z,-4.6,0,333,9.3,,
2025-12-28T00:00:00.000Z,-4.7,0,325,9.7,,
2025-12-28T01:00:00.000Z,-4.2,0,328,7.8,,
2025-12-28T02:00:00.000Z,-3.7,0,326,8.8,,
2025-12-28T03:00:00.000Z,-4.5,0,342,2.3,,
2025-12-28T04:00:00.000Z,-3.5,0,299,3.6,,
2025-12-28T05:00:00.000Z,-3,0,304,9,,
2025-12-28T06:00:00.000Z,-2.2,0,304,10,,
2025-12-28T07:00:00.000Z,-2.4,0,299,5,,
2025-12-28T08:00:00.000Z,-2.6,0,276,4.7,,
2025-12-28T09:00:00.000Z,-2.4,0,286,8.4,,
2025-12-28T10:00:00.000Z,-2,0,283,12.8,,
2025-12-28T11:00:00.000Z,-1.3,0,287,11.8,,
2025-12-28T12:00:00.000Z,-1,0,287,10,,
2025-12-28T13:00:00.000Z,-0.9,0,296,10,,
2025-12-28T14:00:00.000Z,-0.4,0,297,11.5,,
2025-12-28T15:00:00.000Z,-0.4,0,298,12.8,,
2025-12-28T16:00:00.000Z,-0.4,0,296,11.9,,
2025-12-28T17:00:00.000Z,-0.3,0,309,13.3,,
2025-12-28T18:00:00.000Z,-0.9,0,310,11.9,,
2025-12-28T19:00:00.000Z,-1.7,0,314,9.8,,
2025-12-28T20:00:00.000Z,-2.5,0,324,11.6,,
2025-12-28T21:00:00.000Z,-3.5,0,321,12.4,,
2025-12-28T22:00:00.000Z,-4.1,0,310,10.4,,
2025-12-28T23:00:00.000Z,-4.7,0,320,8.9,,
2025-12-29T00:00:00.000Z,-5.8,0,329,9.9,,
2025-12-29T01:00:00.000Z,-6.8,0,323,9.8,,
2025-12-29T02:00:00.000Z,-7.3,0,330,10.6,,
2025-12-29T03:00:00.000Z,-7.8,0,322,9.7,,
2025-12-29T04:00:00.000Z,-8,0,324,9.8,,
2025-12-29T05:00:00.000Z,-8.4,0,321,9.4,,
2025-12-29T06:00:00.000Z,-8.4,0,324,10,,
2025-12-29T07:00:00.000Z,-8.7,0,322,10,,
2025-12-29T08:00:00.000Z,-9,0,313,10.3,,
2025-12-29T09:00:00.000Z,-8.1,0,307,9.8,,
2025-12-29T10:00:00.000Z,-7.7,0,307,9.8,,
2025-12-29T11:00:00.000Z,-6.6,0,318,10.2,,
2025-12-29T12:00:00.000Z,-6.5,0,337,9.7,,
2025-12-29T13:00:00.000Z,-7,0,339,7.4,,
2025-12-29T14:00:00.000Z,-7.4,0,342,7.3,,
2025-12-29T15:00:00.000Z,-7.5,0,341,7.6,,
2025-12-29T16:00:00.000Z,-7.2,0,341,8.5,,
2025-12-29T17:00:00.000Z,-7.7,0,334,7.3,,
2025-12-29T18:00:00.000Z,-7.5,0,326,6.8,,
2025-12-29T19:00:00.000Z,-6.9,0,322,7.2,,
2025-12-29T20:00:00.000Z,-7.1,0,324,8,,
2025-12-29T21:00:00.000Z,-7,0,324,9.1,,
2025-12-29T22:00:00.000Z,-6.8,0,340,7.8,,
2025-12-29T23:00:00.000Z,-6.8,0,340,7.8,,
2025-12-30T00:00:00.000Z,-6.6,0,334,7.6,,
2025-12-30T01:00:00.000Z,-7.3,0,336,8.2,,
2025-12-30T02:00:00.000Z,-7.5,0,341,7.3,,
2025-12-30T03:00:00.000Z,-7.7,0,338,7.3,,
2025-12-30T04:00:00.000Z,-7.9,0,340,7.4,,
2025-12-30T05:00:00.000Z,-8.1,0,338,6.6,,
2025-12-30T06:00:00.000Z,-8.1,0,334,7.6,,
2025-12-30T07:00:00.000Z,-8,0,332,6.8,,
2025-12-30T08:00:00.000Z,-7.6,0,330,8.3,,
2025-12-30T09:00:00.000Z,-7.8,0,331,6.4,,
2025-12-30T10:00:00.000Z,-7.3,0,332,6.7,,
2025-12-30T11:00:00.000Z,-7.4,0,330,5.9,,
2025-12-30T12:00:00.000Z,-7.6,0,331,5.1,,
2025-12-30T13:00:00.000Z,-7.4,0,326,5.2,,
2025-12-30T14:00:00.000Z,-7.2,0,328,4.5,,
2025-12-30T15:00:00.000Z,-7.1,0,308,5.8,,
2025-12-30T16:00:00.000Z,-7,0,309,6.1,,
2025-12-30T17:00:00.000Z,-6.9,0,308,5.6,,
2025-12-30T18:00:00.000Z,-7.1,0,290,4.7,,
2025-12-30T19:00:00.000Z,-7.2,0,313,4.5,,
2025-12-30T20:00:00.000Z,-6.8,0,324,4.7,,
2025-12-30T21:00:00.000Z,-6.5,0.1,296,4.6,,
2025-12-30T22:00:00.000Z,-5.8,0,334,4.8,,
2025-12-30T23:00:00.000Z,-6.2,0,332,3.4,,
2025-12-31T00:00:00.000Z,-6.2,0,334,3.4,,
2025-12-31T01:00:00.000Z,-6.4,0.1,329,3.3,,
2025-12-31T02:00:00.000Z,-6.5,0.2,341,3.8,,
2025-12-31T03:00:00.000Z,-6.7,0.2,350,3.7,,
2025-12-31T04:00:00.000Z,-6.7,0.4,2,3.3,,
2025-12-31T05:00:00.000Z,-7.3,0.7,20,2,,
2025-12-31T06:00:00.000Z,-7.7,0.2,353,1.2,,
2025-12-31T07:00:00.000Z,-7.8,0,13,1.2,,
2025-12-31T09:00:00.000Z,-8.4,0,225,1.4,,
2025-12-31T10:00:00.000Z,-8.2,0,217,2.8,,
2025-12-31T11:00:00.000Z,-7.8,0,217,3,,
2025-12-31T12:00:00.000Z,-7.7,0.1,230,3,,
2025-12-31T13:00:00.000Z,-7.9,0.1,201,2.7,,
2025-12-31T14:00:00.000Z,-8.1,0.1,189,4.6,,
2025-12-31T15:00:00.000Z,-8,0.3,192,5.1,,
2025-12-31T16:00:00.000Z,-8,0.1,214,5.7,,
2025-12-31T17:00:00.000Z,-8.1,0.1,203,5,,
2025-12-31T18:00:00.000Z,-8,0.1,209,4.4,,
2025-12-31T19:00:00.000Z,-7.9,0.2,208,5.2,,
2025-12-31T20:00:00.000Z,-8,0.1,201,5,,
2025-12-31T21:00:00.000Z,-8,0.2,196,5.5,,
2025-12-31T22:00:00.000Z,-8.1,0.1,196,5.8,,
2025-12-31T23:00:00.000Z,-8.1,0,194,6,,
2026-01-01T01:00:00.000Z,-7.9,0,173,3.8,,
2026-01-01T02:00:00.000Z,-7.9,0.3,157,4.1,,
2026-01-01T03:00:00.000Z,-9.2,0.6,138,4.6,,
2026-01-01T04:00:00.000Z,-9.8,0.6,130,5,,
2026-01-01T05:00:00.000Z,-10.1,0.7,128,4.5,,
2026-01-01T06:00:00.000Z,-10.3,0.9,123,4,,
2026-01-01T07:00:00.000Z,-10.4,0.9,112,4.3,,
2026-01-01T08:00:00.000Z,-10.4,0.6,110,3.4,,
2026-01-01T09:00:00.000Z,-10,0.7,99,3.1,,
2026-01-01T10:00:00.000Z,-9.1,0.5,84,3.9,,
2026-01-01T11:00:00.000Z,-8.2,0.6,75,4.2,,
2026-01-01T12:00:00.000Z,-8.1,1.3,49,4.3,,
2026-01-01T13:00:00.000Z,-7.6,1.3,57,4.7,,
2026-01-01T14:00:00.000Z,-6.8,1,78,5.5,,
2026-01-01T15:00:00.000Z,-6.9,1,75,6,,
2026-01-01T16:00:00.000Z,-7.7,1.1,78,6.9,,
2026-01-01T17:00:00.000Z,-8.3,1,76,7.8,,
2026-01-01T18:00:00.000Z,-8.9,1.3,79,6.5,,
2026-01-01T19:00:00.000Z,-9.6,0.6,75,7.6,,
2026-01-01T20:00:00.000Z,-10,0.3,69,7.2,,
2026-01-01T21:00:00.000Z,-10.4,0.4,61,6,,
2026-01-01T22:00:00.000Z,-11,0.3,51,6.2,,
2026-01-01T23:00:00.000Z,-11.8,0.2,37,6.7,,
2026-01-02T00:00:00.000Z,-12.3,0.1,36,5.8,,
2026-01-02T01:00:00.000Z,-12.7,0.1,35,6.2,,
2026-01-02T02:00:00.000Z,-12.9,0.1,35,6.5,,
2026-01-02T03:00:00.000Z,-13,0.1,25,5,,
2026-01-02T04:00:00.000Z,-13.2,0.1,32,5.8,,
2026-01-02T05:00:00.000Z,-13.4,0.1,27,5.7,,
2026-01-02T06:00:00.000Z,-14,0.1,19,5.8,,
2026-01-02T07:00:00.000Z,-14.5,0,17,5.5,,
2026-01-02T08:00:00.000Z,-14.7,0,14,5.5,,
2026-01-02T09:00:00.000Z,-15.1,0,14,5.3,,
2026-01-02T10:00:00.000Z,-15.3,0,10,5.7,,
2026-01-02T11:00:00.000Z,-15.2,0,16,5.7,,
2026-01-02T12:00:00.000Z,-15.2,0,18,5.1,,
2026-01-02T13:00:00.000Z,-15.2,0,18,5,,
2026-01-02T14:00:00.000Z,-15.1,0,15,6.1,,
2026-01-02T15:00:00.000Z,-15.1,0,23,5.6,,
2026-01-02T16:00:00.000Z,-15.1,0,18,6.2,,
2026-01-02T17:00:00.000Z,-15.4,0,21,6.3,,
2026-01-02T18:00:00.000Z,-15.3,0,22,5.7,,
2026-01-02T19:00:00.000Z,-15.3,0,23,5.5,,
2026-01-02T20:00:00.000Z,-15.3,0.1,10,4.7,,
2026-01-02T21:00:00.000Z,-15.7,0.1,9,4.7,,
2026-01-02T22:00:00.000Z,-15.7,0.1,8,4.9,,
2026-01-02T23:00:00.000Z,-15.8,0.1,13,4.8,,
2026-01-03T00:00:00.000Z,-15.9,0,8,5.2,,
2026-01-03T01:00:00.000Z,-15.9,0,9,5.9,,
2026-01-03T02:00:00.000Z,-15.8,0,14,5.8,,
2026-01-03T03:00:00.000Z,-15.8,0,15,5.5,,
2026-01-03T04:00:00.000Z,-15.9,0,10,6.2,,
2026-01-03T05:00:00.000Z,-15.8,0,14,6.2,,
2026-01-03T06:00:00.000Z,-15.8,0,18,5.6,,
2026-01-03T07:00:00.000Z,-16.1,0,18,6,,
2026-01-03T08:00:00.000Z,-16.5,0,10,6.4,,
2026-01-03T09:00:00.000Z,-16.8,0,11,5.5,,
2026-01-03T10:00:00.000Z,-16.7,0,8,5,,
2026-01-03T11:00:00.000Z,-16.2,0,4,5.8,,
2026-01-03T12:00:00.000Z,-16.2,0,9,5.4,,
2026-01-03T13:00:00.000Z,-16.5,0,7,5.5,,
2026-01-03T14:00:00.000Z,-16.7,0,10,5.3,,
2026-01-03T15:00:00.000Z,-16.7,0,5,5.7,,
2026-01-03T16:00:00.000Z,-16.5,0,7,5.6,,
2026-01-03T17:00:00.000Z,-16.2,0,17,5.7,,
2026-01-03T18:00:00.000Z,-15.9,0,14,5.1,,
2026-01-03T19:00:00.000Z,-15.7,0,18,4.7,,
2026-01-03T20:00:00.000Z,-15.8,0.1,12,4.7,,
2026-01-03T21:00:00.000Z,-15.9,0.1,6,5,,
2026-01-03T22:00:00.000Z,-15.8,0.1,11,4.9,,
2026-01-03T23:00:00.000Z,-15.9,0.1,8,4.6,,
2026-01-04T00:00:00.000Z,-15.9,0.4,5,4.8,,
2026-01-04T01:00:00.000Z,-15.9,0.4,4,4.9,,
2026-01-04T02:00:00.000Z,-16,0.3,9,5.1,,
2026-01-04T03:00:00.000Z,-16.2,0.3,14,4.7,,
2026-01-04T04:00:00.000Z,-16.2,0.1,17,4.8,,
2026-01-04T05:00:00.000Z,-15.9,0,20,3.4,,
2026-01-04T06:00:00.000Z,-16,0,10,4.2,,
2026-01-04T07:00:00.000Z,-16.3,0,9,4.6,,
2026-01-04T08:00:00.000Z,-16.4,0,8,4.2,,
2026-01-04T09:00:00.000Z,-16.2,0,357,4.1,,
2026-01-04T10:00:00.000Z,-15.8,0,356,3.8,,
2026-01-04T11:00:00.000Z,-15.7,0,360,4.1,,
2026-01-04T12:00:00.000Z,-15.6,0,2,3.1,,
2026-01-04T13:00:00.000Z,-16.1,0,353,3,,
2026-01-04T14:00:00.000Z,-16.6,0,354,3.5,,
2026-01-04T16:00:00.000Z,-17,0,346,2.1,,
2026-01-04T17:00:00.000Z,-16.9,0,351,1,,
2026-01-04T18:00:00.000Z,-16.8,0,2,2.4,,
2026-01-04T19:00:00.000Z,-16.2,0,351,2,,
2026-01-04T20:00:00.000Z,-15.8,0,318,0.9,,
2026-01-04T21:00:00.000Z,-15.2,0,0,0,,
2026-01-04T22:00:00.000Z,-14.9,0,245,2.9,,
2026-01-04T23:00:00.000Z,-14.7,0,247,3.3,,
2026-01-05T00:00:00.000Z,-14.6,0,255,3.6,,
2026-01-05T01:00:00.000Z,-14.3,0,256,3.7,,
2026-01-05T02:00:00.000Z,-14.4,0,255,4.7,,
2026-01-05T03:00:00.000Z,-14.5,0,254,4.9,,
2026-01-05T04:00:00.000Z,-13.5,0,262,5,,
2026-01-05T05:00:00.000Z,-13.5,0,258,5.9,,
2026-01-05T06:00:00.000Z,-13.4,0,261,5.2,,
2026-01-05T07:00:00.000Z,-13.3,0,266,5.7,,
2026-01-05T08:00:00.000Z,-13.1,0,263,6,,
2026-01-05T09:00:00.000Z,-13.2,0,263,4.9,,
2026-01-05T10:00:00.000Z,-14.8,0,248,5.7,,
2026-01-05T11:00:00.000Z,-13.4,0,259,5.3,,
2026-01-05T12:00:00.000Z,-12.9,0,268,5.2,,
2026-01-05T13:00:00.000Z,-13.2,0,267,3.5,,
2026-01-05T14:00:00.000Z,-13.8,0,258,5.8,,
2026-01-05T15:00:00.000Z,-14.4,0,261,5.9,,
2026-01-05T16:00:00.000Z,-15.6,0,249,6,,
2026-01-05T17:00:00.000Z,-14.9,0,259,6.6,,
2026-01-05T18:00:00.000Z,-15.1,0,255,5.7,,
2026-01-05T19:00:00.000Z,-14.8,0,247,5.5,,
2026-01-05T20:00:00.000Z,-14.5,0,258,5.5,,
2026-01-05T21:00:00.000Z,-14.6,0,254,5.2,,
2026-01-05T22:00:00.000Z,-14,0,254,4.9,,
2026-01-05T23:00:00.000Z,-14.4,0,256,5.4,,
2026-01-06T00:00:00.000Z,-14.1,0,256,5.7,,
2026-01-06T01:00:00.000Z,-14.1,0,254,5.4,,
2026-01-06T02:00:00.000Z,-14,0,245,5.1,,
2026-01-06T03:00:00.000Z,-13.6,0,249,4,,
2026-01-06T04:00:00.000Z,-13.1,0,260,3.5,,
2026-01-06T05:00:00.000Z,-13.3,0,254,4,,
2026-01-06T06:00:00.000Z,-13.7,0,234,2.4,,
2026-01-06T07:00:00.000Z,-14.1,0,167,2.4,,
2026-01-06T08:00:00.000Z,-13.1,0,231,2.9,,
2026-01-06T09:00:00.000Z,-13,0,207,2.1,,
2026-01-06T10:00:00.000Z,-12.2,0,107,1.5,,
2026-01-06T11:00:00.000Z,-12.7,0,63,1.5,,
2026-01-06T12:00:00.000Z,-13,0,12,2.4,,
2026-01-06T13:00:00.000Z,-14.4,0.1,5,2.9,,
2026-01-06T14:00:00.000Z,-14.5,0.1,2,2.9,,
2026-01-06T15:00:00.000Z,-15,0.4,20,3.2,,
2026-01-06T16:00:00.000Z,-16.1,0.6,12,3.8,,
2026-01-06T17:00:00.000Z,-18.1,0.5,2,4.3,,
2026-01-06T18:00:00.000Z,-18.1,0.5,3,4.5,,
2026-01-06T19:00:00.000Z,-18.1,0.5,4,4.6,,
2026-01-06T20:00:00.000Z,-17.8,0.7,19,4.2,,
2026-01-06T21:00:00.000Z,-18.5,0.4,7,4.8,,
2026-01-06T22:00:00.000Z,-18,0.2,10,4.4,,
2026-01-06T23:00:00.000Z,-17.9,0.3,360,4.6,,
2026-01-07T00:00:00.000Z,-17.3,0.4,8,4.7,,
2026-01-07T01:00:00.000Z,-17.1,0.5,10,5.2,,
2026-01-07T02:00:00.000Z,-16.7,0.6,13,5.4,,
2026-01-07T03:00:00.000Z,-16.2,0.6,17,5.3,,
2026-01-07T04:00:00.000Z,-15.8,0.3,21,5.2,,
2026-01-07T05:00:00.000Z,-15.9,0.2,14,5,,
2026-01-07T06:00:00.000Z,-15.5,0.1,16,4.7,,
2026-01-07T07:00:00.000Z,-15.5,0.1,21,4.7,,
2026-01-07T08:00:00.000Z,-15.3,0.1,15,4.2,,
2026-01-07T09:00:00.000Z,-15,0.1,15,4.3,,
2026-01-07T10:00:00.000Z,-14.7,0.2,24,4.4,,
2026-01-07T11:00:00.000Z,-14,0.5,27,5.3,,
2026-01-07T12:00:00.000Z,-14,0.5,26,5,,
2026-01-07T13:00:00.000Z,-13.8,0.2,24,4.9,,
2026-01-07T14:00:00.000Z,-13.6,0.2,25,4.7,,
2026-01-07T15:00:00.000Z,-13.7,0.3,22,4.3,,
2026-01-07T16:00:00.000Z,-13.6,0.7,20,4.2,,
2026-01-07T17:00:00.000Z,-13.6,0.5,19,4.5,,
2026-01-07T18:00:00.000Z,-13.7,0.4,19,4.9,,
2026-01-07T19:00:00.000Z,-13.6,0.4,20,4.5,,
2026-01-07T20:00:00.000Z,-13.4,0.4,19,4.2,,
2026-01-07T21:00:00.000Z,-13.2,0.7,22,4.9,,
2026-01-07T22:00:00.000Z,-12.6,0.6,24,4.1,,
2026-01-07T23:00:00.000Z,-12.2,0.8,31,4.1,,
2026-01-08T00:00:00.000Z,-11.7,1.2,35,3.4,,
2026-01-08T01:00:00.000Z,-11.4,0.9,35,3.2,,
2026-01-08T02:00:00.000Z,-10.7,1.3,54,3.7,,
2026-01-08T03:00:00.000Z,-10.1,1.7,64,3.6,,
2026-01-08T04:00:00.000Z,-9.7,1.8,86,5,,
2026-01-08T05:00:00.000Z,-9.8,1.5,87,5.6,,
2026-01-08T06:00:00.000Z,-9.5,1.1,86,5,,
2026-01-08T07:00:00.000Z,-9.4,1.5,80,4.4,,
2026-01-08T08:00:00.000Z,-8.9,1,101,4,,
2026-01-08T09:00:00.000Z,-7.5,0.2,125,4.8,,
2026-01-08T10:00:00.000Z,-7.3,0.4,148,6.7,,
2026-01-08T11:00:00.000Z,-7.5,0.3,136,7.6,,
2026-01-08T12:00:00.000Z,-7.7,0.3,138,6.7,,
2026-01-08T13:00:00.000Z,-7.8,0.6,140,5.5,,
2026-01-08T14:00:00.000Z,-7.9,0.1,148,6.7,,
2026-01-08T15:00:00.000Z,-8.1,0,152,6.9,,
2026-01-08T16:00:00.000Z,-8.3,0,165,6.8,,
2026-01-08T17:00:00.000Z,-9,0,185,6.7,,
2026-01-08T18:00:00.000Z,-10.7,0,193,5.8,,
2026-01-08T19:00:00.000Z,-12.5,0,197,5.9,,
2026-01-08T20:00:00.000Z,-13.4,0,197,4.5,,
2026-01-08T21:00:00.000Z,-13.4,0,190,4.8,,
2026-01-08T22:00:00.000Z,-13.6,0,202,4.5,,
2026-01-08T23:00:00.000Z,-13.9,0,193,4.7,,
2026-01-09T00:00:00.000Z,-13.3,0,203,5.2,,
2026-01-09T02:00:00.000Z,-9.7,0,189,4.4,,
2026-01-09T03:00:00.000Z,-9.1,0,169,2.8,,
2026-01-09T04:00:00.000Z,-8.3,0,182,3.6,,
2026-01-09T05:00:00.000Z,-8.6,0,180,3.3,,
2026-01-09T06:00:00.000Z,-8.5,0.1,176,3.8,,
2026-01-09T07:00:00.000Z,-8.6,0.1,160,3.2,,
2026-01-09T08:00:00.000Z,-8.7,0.1,156,3.6,,
2026-01-09T09:00:00.000Z,-9.1,0,161,3.7,,
2026-01-09T10:00:00.000Z,-9.4,0,180,4.4,,
2026-01-09T11:00:00.000Z,-9.6,0,177,2.7,,
2026-01-09T12:00:00.000Z,-9.1,0,180,4.1,,
2026-01-09T13:00:00.000Z,-9.4,0,188,3.4,,
2026-01-09T14:00:00.000Z,-9.3,0,178,3.2,,
2026-01-09T15:00:00.000Z,-9.3,0.1,180,4,,
2026-01-09T16:00:00.000Z,-9.3,0.1,194,3,,
2026-01-09T17:00:00.000Z,-9.6,0,194,3,,
2026-01-09T18:00:00.000Z,-9.4,0,181,2.5,,
2026-01-09T19:00:00.000Z,-9.4,0,186,2.7,,
2026-01-09T20:00:00.000Z,-9.4,0,185,2.8,,
2026-01-09T21:00:00.000Z,-9.4,0.1,172,2.8,,
2026-01-09T22:00:00.000Z,-9.9,0.1,193,3.5,,
2026-01-09T23:00:00.000Z,-10.6,0,186,3.6,,
2026-01-10T00:00:00.000Z,-11.4,0,186,3.1,,
2026-01-10T01:00:00.000Z,-11.8,0,179,3.5,,
2026-01-10T02:00:00.000Z,-12,0,176,3.2,,
2026-01-10T03:00:00.000Z,-12.1,0,186,3.6,,
2026-01-10T04:00:00.000Z,-12.3,0,182,2.9,,
2026-01-10T05:00:00.000Z,-12.4,0,178,3.1,,
2026-01-10T06:00:00.000Z,-12.8,0,179,3.1,,
2026-01-10T07:00:00.000Z,-13,0,187,2.8,,
2026-01-10T08:00:00.000Z,-13.8,0,193,3.4,,
2026-01-10T09:00:00.000Z,-14.1,0,212,3.5,,
2026-01-10T10:00:00.000Z,-12.9,0,233,4,,
2026-01-10T11:00:00.000Z,-12.5,0,247,3.5,,
2026-01-10T12:00:00.000Z,-12.1,0,246,2.7,,
2026-01-10T13:00:00.000Z,-13.2,0,282,1.9,,
2026-01-10T14:00:00.000Z,-13.4,0,332,1.3,,
2026-01-10T15:00:00.000Z,-13.9,0,49,1,,
2026-01-10T16:00:00.000Z,-14.1,0,324,1.1,,
2026-01-10T17:00:00.000Z,-14.2,0,112,0.8,,
2026-01-10T18:00:00.000Z,-14.3,0,324,1.9,,
2026-01-10T19:00:00.000Z,-14,0,351,1.8,,
2026-01-10T20:00:00.000Z,-14.4,0,342,1.2,,
2026-01-10T21:00:00.000Z,-13.2,0,249,0.9,,
2026-01-10T22:00:00.000Z,-12.2,0,355,1.8,,
2026-01-10T23:00:00.000Z,-10.7,0,342,2.5,,
2026-01-11T00:00:00.000Z,-10.5,0,349,2.1,,
2026-01-11T01:00:00.000Z,-9.7,0,348,2.4,,
2026-01-11T02:00:00.000Z,-8.9,0,343,1.9,,
2026-01-11T03:00:00.000Z,-8.7,0,346,2.2,,
2026-01-11T04:00:00.000Z,-9.1,0,290,2.4,,
2026-01-11T05:00:00.000Z,-7.8,0,316,2.3,,
2026-01-11T06:00:00.000Z,-7.7,0,328,2.2,,
2026-01-11T07:00:00.000Z,-7.9,0,310,2.3,,
2026-01-11T08:00:00.000Z,-7.9,0,311,1.5,,
2026-01-11T09:00:00.000Z,-7.5,0,303,1.8,,
2026-01-11T10:00:00.000Z,-7,0,305,1.5,,
2026-01-11T11:00:00.000Z,-6.4,0,299,1.5,,
2026-01-11T12:00:00.000Z,-5.9,0,343,0.7,,
2026-01-11T13:00:00.000Z,-6.7,0,0,0,,
2026-01-11T14:00:00.000Z,-8.7,0,71,1.2,,
2026-01-11T15:00:00.000Z,-9.2,0,37,0.8,,
2026-01-11T16:00:00.000Z,-9.2,0,110,2.1,,
2026-01-11T17:00:00.000Z,-8.4,0,118,2.7,,
2026-01-11T18:00:00.000Z,-8.6,0,138,1.9,,
2026-01-11T19:00:00.000Z,-9.1,0,149,2.7,,
2026-01-11T20:00:00.000Z,-9.6,0,155,3.2,,
2026-01-11T21:00:00.000Z,-10.3,0,158,3.6,,
2026-01-11T22:00:00.000Z,-11.5,0,181,3.1,,
2026-01-11T23:00:00.000Z,-12,0,176,3.2,,
2026-01-12T00:00:00.000Z,-13.1,0,185,3,,
2026-01-12T01:00:00.000Z,-13,0,172,3.6,,
2026-01-12T02:00:00.000Z,-14.6,0,174,3.7,,
2026-01-12T03:00:00.000Z,-14.2,0,165,4.2,,
2026-01-12T04:00:00.000Z,-11.5,0,171,4.3,,
2026-01-12T05:00:00.000Z,-10.2,0,148,4.2,,
2026-01-12T07:00:00.000Z,-11.2,0,155,4.3,,
2026-01-12T08:00:00.000Z,-11.7,0.1,160,3.5,,
2026-01-12T09:00:00.000Z,-11.1,0.1,161,5.7,,
2026-01-12T10:00:00.000Z,-10.5,0,157,4.7,,
2026-01-12T11:00:00.000Z,-10.5,0.1,159,4.2,,
2026-01-12T12:00:00.000Z,-10.2,0.1,170,5.1,,
2026-01-12T13:00:00.000Z,-10.4,0.1,167,4.7,,
2026-01-12T14:00:00.000Z,-10.8,0.1,165,4.7,,
2026-01-12T15:00:00.000Z,-11.2,0,162,4.7,,
2026-01-12T16:00:00.000Z,-11.4,0,168,4.9,,
2026-01-12T17:00:00.000Z,-11.7,0,172,4.5,,
2026-01-12T18:00:00.000Z,-11.7,0,172,5.1,,
2026-01-12T19:00:00.000Z,-11.5,0,168,5.9,,
2026-01-12T20:00:00.000Z,-11.4,0,176,5.2,,
2026-01-12T21:00:00.000Z,-11.4,0,170,5,,
2026-01-12T22:00:00.000Z,-11.4,0,169,4.6,,
2026-01-12T23:00:00.000Z,-11.3,0.1,168,4.2,,
2026-01-13T00:00:00.000Z,-11.4,0.1,180,5,,
2026-01-13T01:00:00.000Z,-11.2,0.1,192,4.4,,
2026-01-13T02:00:00.000Z,-11.4,0.1,198,4.2,,
2026-01-13T03:00:00.000Z,-11.2,0.3,191,4.8,,
2026-01-13T04:00:00.000Z,-11.3,0.2,190,3.6,,
2026-01-13T05:00:00.000Z,-10.6,0.1,186,4.8,,
2026-01-13T06:00:00.000Z,-10.3,0.1,190,4.3,,
2026-01-13T07:00:00.000Z,-9.9,0,181,4.8,,
2026-01-13T08:00:00.000Z,-9.4,0,184,4.2,,
2026-01-13T09:00:00.000Z,-9.4,0.1,183,3.9,,
2026-01-13T10:00:00.000Z,-9.1,0.2,181,3.8,,
2026-01-13T11:00:00.000Z,-8.8,0,183,4.7,,
2026-01-13T12:00:00.000Z,-8.6,0.1,180,4.5,,
2026-01-13T13:00:00.000Z,-8.2,0,174,5.1,,
2026-01-13T16:00:00.000Z,-8.8,0,176,4.2,,
2026-01-13T19:00:00.000Z,-8.4,0,161,4.5,,
2026-01-13T20:00:00.000Z,-8.4,0,169,6.1,,
2026-01-13T21:00:00.000Z,-8.1,0,166,5.4,,
2026-01-13T22:00:00.000Z,-7.9,0,167,6.1,,
2026-01-13T23:00:00.000Z,-7.8,0.2,163,4.8,,
2026-01-14T00:00:00.000Z,-7.7,0.1,164,4.7,,
2026-01-14T01:00:00.000Z,-7.9,0,142,3.4,,
2026-01-14T02:00:00.000Z,-7.5,0,163,4.8,,
2026-01-14T03:00:00.000Z,-7.1,0.2,155,4.1,,
2026-01-14T04:00:00.000Z,-6.9,0.4,155,4.5,,
2026-01-14T05:00:00.000Z,-7.1,0,145,4.5,,
2026-01-14T06:00:00.000Z,-6.9,0.4,142,4.4,,
2026-01-14T07:00:00.000Z,-6.6,0.6,143,4.8,,
2026-01-14T08:00:00.000Z,-6.3,0.9,152,5.7,,
2026-01-14T09:00:00.000Z,-6,0.6,151,5.1,,
2026-01-14T10:00:00.000Z,-5.9,1,150,5.6,,
2026-01-14T11:00:00.000Z,-5.9,1.3,143,4.5,,
2026-01-14T12:00:00.000Z,-6,1.5,142,4.7,,
2026-01-14T13:00:00.000Z,-6,1.6,142,4.2,,
2026-01-14T14:00:00.000Z,-5.9,1.4,145,4,,
2026-01-14T15:00:00.000Z,-5.8,1.3,137,4,,
2026-01-14T16:00:00.000Z,-5.7,1.5,136,3.5,,
2026-01-14T17:00:00.000Z,-5.6,1.6,138,3.5,,
2026-01-14T18:00:00.000Z,-5.5,0.8,139,3.2,,
2026-01-14T19:00:00.000Z,-5.4,0.4,145,2.7,,
2026-01-14T20:00:00.000Z,-5.4,0.2,146,2.2,,
2026-01-14T21:00:00.000Z,-5.4,0,141,1.7,,
2026-01-14T22:00:00.000Z,-5.4,0,162,1.7,,
2026-01-15T00:00:00.000Z,-5.4,0,182,1.4,,
2026-01-15T01:00:00.000Z,-5.6,0.1,215,2.4,,
2026-01-15T02:00:00.000Z,-5.9,0,246,2.3,,
2026-01-15T03:00:00.000Z,-6.2,0,250,2.1,,
2026-01-15T04:00:00.000Z,-6,0,262,2,,
2026-01-15T05:00:00.000Z,-6.5,0,266,1.3,,
2026-01-15T06:00:00.000Z,-6.3,0,208,1.4,,
2026-01-15T07:00:00.000Z,-6.4,0,237,1.6,,
2026-01-15T08:00:00.000Z,-6.4,0,203,1.1,,
2026-01-15T09:00:00.000Z,-6.5,0,179,1.4,,
2026-01-15T10:00:00.000Z,-6.5,0,191,2.7,,
2026-01-15T11:00:00.000Z,-6.6,0,206,2.8,,
2026-01-15T12:00:00.000Z,-7.2,0,199,3.9,,
2026-01-15T13:00:00.000Z,-7.7,0,197,3.2,,
2026-01-15T14:00:00.000Z,-8.1,0,181,2.5,,
2026-01-15T15:00:00.000Z,-8,0,181,3.6,,
2026-01-15T16:00:00.000Z,-7.8,0,190,4.4,,
2026-01-15T17:00:00.000Z,-7.9,0,177,3.3,,
2026-01-15T18:00:00.000Z,-7.2,0,195,4.8,,
2026-01-15T19:00:00.000Z,-6.4,0,202,5.5,,
2026-01-15T20:00:00.000Z,-5.9,0.3,199,6.2,,
2026-01-15T21:00:00.000Z,-4.9,0,202,6.4,,
2026-01-15T22:00:00.000Z,-4.8,0,179,5,,
2026-01-15T23:00:00.000Z,-4.4,0,156,3,,
2026-01-16T00:00:00.000Z,-4.4,0,172,3.3,,
2026-01-16T01:00:00.000Z,-4.2,0,177,3.3,,
2026-01-16T02:00:00.000Z,-3.6,0,202,8.2,,
2026-01-16T04:00:00.000Z,-3.6,0,194,6.9,,
2026-01-16T05:00:00.000Z,-3.3,0,205,6.7,,
2026-01-16T06:00:00.000Z,-3.2,0,209,5.8,,
2026-01-16T07:00:00.000Z,-3.2,0,207,5.3,,
2026-01-16T08:00:00.000Z,-2.5,0.2,200,4.6,,
2026-01-16T09:00:00.000Z,-2.8,0.9,187,3.7,,
2026-01-16T10:00:00.000Z,-3,0.9,175,3.4,,
2026-01-16T11:00:00.000Z,-2.9,0.6,175,3.1,,
2026-01-16T12:00:00.000Z,-2.5,0.6,175,3.3,,
2026-01-16T13:00:00.000Z,-2.2,0.1,192,5.2,,
2026-01-16T14:00:00.000Z,-2,0,189,6.1,,
2026-01-16T16:00:00.000Z,-1.7,0.1,178,5,,
2026-01-16T17:00:00.000Z,-1.5,0.3,168,4.8,,
2026-01-16T18:00:00.000Z,-1.4,0.2,173,3.6,,
2026-01-16T19:00:00.000Z,-1.3,0,176,4.3,,
2026-01-16T20:00:00.000Z,-1,0,166,3.5,,
2026-01-16T21:00:00.000Z,-1,0,169,3.9,,
2026-01-16T22:00:00.000Z,-1,0,159,2.7,,
2026-01-16T23:00:00.000Z,-0.9,0,163,2.9,,
2026-01-17T00:00:00.000Z,-0.8,0,159,2.2,,
2026-01-17T01:00:00.000Z,-0.8,0,208,5.9,,
2026-01-17T02:00:00.000Z,-0.5,0,207,3.4,,
2026-01-17T03:00:00.000Z,-0.3,0,235,3.9,,
2026-01-17T04:00:00.000Z,-0.4,0,257,4.9,,
2026-01-17T05:00:00.000Z,-1.1,0,270,6.1,,
2026-01-17T06:00:00.000Z,-2,0,278,4.8,,
2026-01-17T07:00:00.000Z,-2.3,0,281,5.3,,
2026-01-17T08:00:00.000Z,-2.2,0,272,6.7,,
2026-01-17T09:00:00.000Z,-1.8,0,283,7.1,,
2026-01-17T10:00:00.000Z,-1.4,0,298,5.2,,
2026-01-17T11:00:00.000Z,-1.6,0,275,5.3,,
2026-01-17T12:00:00.000Z,-2,0,272,5.2,,
2026-01-17T13:00:00.000Z,-2,0,287,5.6,,
2026-01-17T14:00:00.000Z,-2.4,0,329,1.5,,
2026-01-17T15:00:00.000Z,-2.4,0,291,1.3,,
2026-01-17T16:00:00.000Z,-2.7,0,276,3.5,,
2026-01-17T17:00:00.000Z,-2.9,0,279,3.4,,
2026-01-17T18:00:00.000Z,-2.5,0,260,3.3,,
2026-01-17T19:00:00.000Z,-2.7,0,275,2.7,,
2026-01-17T20:00:00.000Z,-3.1,0,180,1.8,,
2026-01-17T21:00:00.000Z,-3.7,0,194,2.9,,
2026-01-17T22:00:00.000Z,-2.8,0,208,2.4,,
2026-01-17T23:00:00.000Z,-3.5,0,173,2.5,,
2026-01-18T00:00:00.000Z,-4.5,0,194,3.2,,
2026-01-18T01:00:00.000Z,-2.9,0,211,4.1,,
2026-01-18T02:00:00.000Z,-2.1,0,219,3.4,,
2026-01-18T03:00:00.000Z,-1.8,0,214,4,,
2026-01-18T04:00:00.000Z,-1.9,0,203,2.9,,
2026-01-18T05:00:00.000Z,-1.9,0,201,3.5,,
2026-01-18T06:00:00.000Z,-1.9,0,204,2.7,,
2026-01-18T07:00:00.000Z,-1.8,0,213,3.5,,
2026-01-18T08:00:00.000Z,-1.8,0,216,2.1,,
2026-01-18T09:00:00.000Z,-1.3,0,230,4,,
2026-01-18T10:00:00.000Z,-0.9,0,236,3.5,,
2026-01-18T11:00:00.000Z,-0.2,0,226,3.9,,
2026-01-18T12:00:00.000Z,-0.4,0,219,4.2,,
2026-01-18T14:00:00.000Z,-0.5,0,219,3.1,,
2026-01-18T15:00:00.000Z,-1.4,0,250,2.8,,
2026-01-18T16:00:00.000Z,-0.8,0,246,4.3,,
2026-01-18T17:00:00.000Z,-0.5,0,248,4.9,,
2026-01-18T18:00:00.000Z,-0.8,0,236,1.8,,
2026-01-18T19:00:00.000Z,-1.5,0,140,1.9,,
2026-01-18T20:00:00.000Z,-1.6,0,184,2.8,,
2026-01-18T21:00:00.000Z,-1.3,0,192,3.9,,
2026-01-18T22:00:00.000Z,-1.8,0,187,3.3,,
2026-01-18T23:00:00.000Z,-2,0,185,3.3,,
2026-01-19T00:00:00.000Z,-2.8,0,183,3.4,,
2026-01-19T01:00:00.000Z,-3.3,0,188,4.1,,
2026-01-19T02:00:00.000Z,-3,0,198,3.9,,
2026-01-19T03:00:00.000Z,-2.5,0,224,3.2,,
2026-01-19T04:00:00.000Z,-2.4,0,253,4.6,,
2026-01-19T05:00:00.000Z,-2.5,0,262,3.3,,
2026-01-19T06:00:00.000Z,-2.9,0,231,3.1,,
2026-01-19T07:00:00.000Z,-3.1,0,227,3.2,,
2026-01-19T08:00:00.000Z,-2.6,0,215,3.4,,
2026-01-19T09:00:00.000Z,-2.1,0,210,3.5,,
2026-01-19T10:00:00.000Z,-2.7,0,219,4.1,,
2026-01-19T11:00:00.000Z,-2,0,218,4.1,,
2026-01-19T12:00:00.000Z,-1.4,0,216,2.8,,
2026-01-19T13:00:00.000Z,-2,0,199,2.8,,
2026-01-19T14:00:00.000Z,-3.7,0,206,3.8,,
2026-01-19T15:00:00.000Z,-4.4,0,150,0.8,,
2026-01-19T16:00:00.000Z,-5.4,0,246,1.4,,
2026-01-19T17:00:00.000Z,-6,0,270,1.6,,
2026-01-19T18:00:00.000Z,-5.9,0,241,3.7,,
2026-01-19T19:00:00.000Z,-6.6,0,245,2.4,,
2026-01-19T20:00:00.000Z,-6.9,0,324,2.5,,
2026-01-19T21:00:00.000Z,-6.7,0,347,1.9,,
2026-01-19T22:00:00.000Z,-7,0,19,0.8,,
2026-01-19T23:00:00.000Z,-7.1,0,34,1,,
2026-01-20T00:00:00.000Z,-7.3,0,35,1.1,,
2026-01-20T01:00:00.000Z,-6.8,0,2,1.6,,
2026-01-20T02:00:00.000Z,-6.8,0,33,1.6,,
2026-01-20T03:00:00.000Z,-7.1,0,12,1.5,,
2026-01-20T04:00:00.000Z,-7.4,0,8,1.6,,
2026-01-20T05:00:00.000Z,-7.6,0,354,1.5,,
2026-01-20T06:00:00.000Z,-7.2,0,28,2.4,,
2026-01-20T07:00:00.000Z,-7.3,0,34,3.1,,
2026-01-20T08:00:00.000Z,-7.2,0,38,2.8,,
2026-01-20T09:00:00.000Z,-6.6,0,53,2.6,,
2026-01-20T10:00:00.000Z,-6.2,0,47,2.7,,
2026-01-20T11:00:00.000Z,-6,0,57,2.7,,
2026-01-20T12:00:00.000Z,-6,0,66,3.4,,
2026-01-20T13:00:00.000Z,-6,0,75,2.7,,
2026-01-20T14:00:00.000Z,-6.2,0,81,2.9,,
2026-01-20T15:00:00.000Z,-6.3,0,68,3.9,,
2026-01-20T16:00:00.000Z,-6.1,0,85,2.9,,
2026-01-20T17:00:00.000Z,-6,0,81,2.2,,
2026-01-20T18:00:00.000Z,-5.9,0,73,2.9,,
2026-01-20T19:00:00.000Z,-6,0,93,2.9,,
2026-01-20T20:00:00.000Z,-6,0,83,2.7,,
2026-01-20T21:00:00.000Z,-6.2,0,96,2.3,,
2026-01-20T22:00:00.000Z,-6.6,0,91,3,,
2026-01-20T23:00:00.000Z,-6.9,0,77,2.9,,
2026-01-21T00:00:00.000Z,-7,0,107,2.8,,
2026-01-21T01:00:00.000Z,-6.7,0,129,2.6,,
2026-01-21T02:00:00.000Z,-6.4,0,113,3.1,,
2026-01-21T03:00:00.000Z,-6.4,0,104,2.7,,
2026-01-21T04:00:00.000Z,-6.3,0,106,2.7,,
2026-01-21T05:00:00.000Z,-6.3,0,115,2.8,,
2026-01-21T06:00:00.000Z,-6.1,0,131,2.3,,
2026-01-21T07:00:00.000Z,-6,0,82,2.9,,
2026-01-21T08:00:00.000Z,-5.9,0,109,2.1,,
2026-01-21T09:00:00.000Z,-5.6,0,99,2.4,,
2026-01-21T10:00:00.000Z,-5.4,0,102,2.3,,
2026-01-21T11:00:00.000Z,-5.4,0,99,2.2,,
2026-01-21T12:00:00.000Z,-5.6,0,97,2,,
2026-01-21T13:00:00.000Z,-6,0,92,2.9,,
2026-01-21T14:00:00.000Z,-6.3,0,100,1.9,,
2026-01-21T16:00:00.000Z,-6.7,0,112,1.9,,
2026-01-21T17:00:00.000Z,-6.7,0,113,2,,
2026-01-21T18:00:00.000Z,-6.8,0,115,2.5,,
2026-01-21T19:00:00.000Z,-6.9,0,123,2.4,,
2026-01-21T20:00:00.000Z,-7.1,0,136,3.1,,
2026-01-21T21:00:00.000Z,-7,0,132,2.2,,
2026-01-21T22:00:00.000Z,-7.2,0,145,2.8,,
2026-01-21T23:00:00.000Z,-6.9,0,124,2.2,,
2026-01-22T00:00:00.000Z,-6.9,0,113,1.8,,
2026-01-22T01:00:00.000Z,-6.9,0,114,2.1,,
2026-01-22T02:00:00.000Z,-6.8,0,137,2.3,,
2026-01-22T05:00:00.000Z,-7,0,136,2.3,,
2026-01-22T07:00:00.000Z,-7.3,0,148,2.5,,
2026-01-22T09:00:00.000Z,-7.8,0,144,2.7,,
2026-01-22T10:00:00.000Z,-7.8,0,137,1.7,,
2026-01-22T11:00:00.000Z,-8,0,145,3.4,,
2026-01-22T12:00:00.000Z,-7.9,0,140,2.3,,
2026-01-22T13:00:00.000Z,-7.6,0,121,1.8,,
2026-01-22T14:00:00.000Z,-8,0.2,109,2.1,,
2026-01-22T15:00:00.000Z,-8,0,107,2.1,,
2026-01-22T16:00:00.000Z,-7.8,0,124,2,,
2026-01-22T17:00:00.000Z,-8.3,0.1,141,2.8,,
2026-01-22T18:00:00.000Z,-8.3,0,117,2.3,,
2026-01-22T19:00:00.000Z,-8.7,0,140,2.6,,
2026-01-22T20:00:00.000Z,-9.2,0,141,2.3,,
2026-01-22T21:00:00.000Z,-9.5,0,144,2.8,,
2026-01-22T22:00:00.000Z,-9.5,0,136,2.1,,
2026-01-23T00:00:00.000Z,-9.8,0,149,3,,
2026-01-23T01:00:00.000Z,-9.9,0.1,146,3.5,,
2026-01-23T02:00:00.000Z,-10,0,141,2.9,,
2026-01-23T03:00:00.000Z,-10.3,0,144,2.9,,
2026-01-23T04:00:00.000Z,-10.4,0,140,3.2,,
2026-01-23T05:00:00.000Z,-10.6,0.1,143,2.7,,
2026-01-23T06:00:00.000Z,-10.8,0.1,150,2.5,,
2026-01-23T07:00:00.000Z,-10.9,0,147,3,,
2026-01-23T08:00:00.000Z,-11.1,0.1,152,3.5,,
2026-01-23T09:00:00.000Z,-11.1,0.1,153,3.7,,
2026-01-23T10:00:00.000Z,-11.1,0.1,150,3.4,,
2026-01-23T11:00:00.000Z,-11,0.2,156,3.3,,
2026-01-23T12:00:00.000Z,-11.1,0.1,165,4.4,,
2026-01-23T13:00:00.000Z,-11.5,0,161,3.4,,
2026-01-23T14:00:00.000Z,-11.5,0,167,3.5,,
2026-01-23T15:00:00.000Z,-11.7,0,164,2.8,,
2026-01-23T16:00:00.000Z,-11.7,0,166,3.7,,
2026-01-23T17:00:00.000Z,-11.7,0,167,3.4,,
2026-01-23T18:00:00.000Z,-11.7,0,170,4,,
2026-01-23T19:00:00.000Z,-11.7,0,177,4.1,,
2026-01-23T20:00:00.000Z,-11.8,0,168,3,,
2026-01-23T21:00:00.000Z,-11.8,0,175,3.4,,
2026-01-23T22:00:00.000Z,-11.7,0.1,179,3.6,,
2026-01-23T23:00:00.000Z,-11.6,0.1,185,3.1,,
2026-01-24T00:00:00.000Z,-11.8,0,182,3.9,,
2026-01-24T01:00:00.000Z,-12.1,0,186,2.9,,
2026-01-24T02:00:00.000Z,-12.2,0,187,3.6,,
2026-01-24T03:00:00.000Z,-12.2,0,179,3.2,,
2026-01-24T04:00:00.000Z,-12.3,0,186,3.1,,
2026-01-24T05:00:00.000Z,-12.1,0,197,3.8,,
2026-01-24T06:00:00.000Z,-12.2,0,184,3.7,,
2026-01-24T07:00:00.000Z,-12,0,187,3.8,,
2026-01-24T08:00:00.000Z,-11.7,0.1,189,3.8,,
2026-01-24T09:00:00.000Z,-11.6,0.1,192,3.5,,
2026-01-24T10:00:00.000Z,-11.5,0.1,187,3.7,,
2026-01-24T11:00:00.000Z,-11,0.1,187,3.8,,
2026-01-24T12:00:00.000Z,-10.9,0,186,3.9,,
2026-01-24T13:00:00.000Z,-11,0,190,3.8,,
2026-01-24T14:00:00.000Z,-11.6,0,208,4.3,,
2026-01-24T15:00:00.000Z,-11.5,0,194,3.8,,
2026-01-24T16:00:00.000Z,-11.4,0,191,3.5,,
2026-01-24T17:00:00.000Z,-11.2,0,189,4.9,,
2026-01-24T18:00:00.000Z,-11.1,0,189,4.8,,
2026-01-24T19:00:00.000Z,-11.2,0,191,4.4,,
2026-01-24T20:00:00.000Z,-11.2,0,188,5,,
2026-01-24T21:00:00.000Z,-11.1,0,195,4.4,,
2026-01-24T22:00:00.000Z,-11.1,0,191,3.9,,
2026-01-24T23:00:00.000Z,-11.1,0,192,4.6,,
2026-01-25T00:00:00.000Z,-11,0,189,4.4,,
2026-01-25T01:00:00.000Z,-10.8,0.1,195,4.3,,
2026-01-25T02:00:00.000Z,-10.8,0.1,189,4.8,,
2026-01-25T03:00:00.000Z,-10.9,0,196,4.8,,
2026-01-25T04:00:00.000Z,-11,0,197,4,,
2026-01-25T05:00:00.000Z,-11.1,0,195,3.8,,
2026-01-25T06:00:00.000Z,-11.4,0,206,4.2,,
2026-01-25T07:00:00.000Z,-11.6,0,202,3.8,,
2026-01-25T08:00:00.000Z,-11.8,0,200,3.2,,
2026-01-25T09:00:00.000Z,-11.6,0.1,216,3.4,,
2026-01-25T10:00:00.000Z,-11.3,0.1,229,3.6,,
2026-01-25T11:00:00.000Z,-12,0,226,4.7,,
2026-01-25T12:00:00.000Z,-11.6,0,231,5.4,,
2026-01-25T13:00:00.000Z,-12.1,0,239,4.5,,
2026-01-25T14:00:00.000Z,-12.9,0,248,4.3,,
2026-01-25T15:00:00.000Z,-13.8,0,257,3.9,,
2026-01-25T16:00:00.000Z,-14.2,0,263,4.7,,
2026-01-25T17:00:00.000Z,-14.4,0,283,3.3,,
2026-01-25T18:00:00.000Z,-14.2,0,339,2.6,,
2026-01-25T19:00:00.000Z,-13.8,0,8,1.5,,
2026-01-25T20:00:00.000Z,-13.9,0,285,2.4,,
2026-01-25T21:00:00.000Z,-13.5,0,318,2.6,,
2026-01-25T22:00:00.000Z,-13.5,0,324,2.4,,
2026-01-25T23:00:00.000Z,-12.9,0,353,3,,
2026-01-26T00:00:00.000Z,-11.9,0,343,3.8,,
2026-01-26T01:00:00.000Z,-11.4,0,350,3.4,,
2026-01-26T02:00:00.000Z,-11.2,0,357,3.1,,
2026-01-26T03:00:00.000Z,-10.7,0,7,2.8,,
2026-01-26T04:00:00.000Z,-10.3,0,9,2.7,,
2026-01-26T05:00:00.000Z,-9,0,350,2.6,,
2026-01-26T06:00:00.000Z,-8.4,0,348,3.4,,
2026-01-26T07:00:00.000Z,-8.9,0,351,3.4,,
2026-01-26T08:00:00.000Z,-9.6,0,359,3.5,,
2026-01-26T09:00:00.000Z,-10.2,0,357,3.2,,
2026-01-26T10:00:00.000Z,-9.7,0,344,3.3,,
2026-01-26T11:00:00.000Z,-9.6,0,357,3.2,,
2026-01-26T12:00:00.000Z,-10,0,353,2.9,,
2026-01-26T13:00:00.000Z,-11.2,0,274,2.6,,
2026-01-26T14:00:00.000Z,-12,0,352,2.2,,
2026-01-26T15:00:00.000Z,-13.4,0,315,2.4,,
2026-01-26T16:00:00.000Z,-12.3,0,4,2.6,,
2026-01-26T17:00:00.000Z,-12,0,12,1.9,,
2026-01-26T18:00:00.000Z,-12.3,0,41,0.7,,
2026-01-26T19:00:00.000Z,-13.8,0,174,2.6,,
2026-01-26T20:00:00.000Z,-14,0,191,2.6,,
2026-01-26T21:00:00.000Z,-13.2,0,202,3,,
2026-01-26T22:00:00.000Z,-13.4,0,200,2.8,,
2026-01-26T23:00:00.000Z,-12.4,0,228,4.3,,
2026-01-27T00:00:00.000Z,-12.9,0,239,3.7,,
2026-01-27T01:00:00.000Z,-12.2,0,250,4.5,,
2026-01-27T02:00:00.000Z,-12.2,0,248,4.8,,
2026-01-27T03:00:00.000Z,-12,0,251,5.7,,
2026-01-27T04:00:00.000Z,-12.2,0,244,5.4,,
2026-01-27T05:00:00.000Z,-11.4,0,278,3.4,,
2026-01-27T06:00:00.000Z,-12.6,0,354,2.1,,
2026-01-27T07:00:00.000Z,-13.1,0,307,1.4,,
2026-01-27T08:00:00.000Z,-12.8,0,321,1.9,,
2026-01-27T09:00:00.000Z,-11.7,0,355,2.6,,
2026-01-27T10:00:00.000Z,-11.2,0,4,2.7,,
2026-01-27T11:00:00.000Z,-11.7,0,352,2.6,,
2026-01-27T12:00:00.000Z,-12.2,0,353,2.8,,
2026-01-27T13:00:00.000Z,-12.9,0,358,3.7,,
2026-01-27T14:00:00.000Z,-13.8,0,343,2.8,,
2026-01-27T15:00:00.000Z,-14.5,0,360,3.6,,
2026-01-27T16:00:00.000Z,-15,0,357,3.1,,
2026-01-27T17:00:00.000Z,-15.1,0,354,2.7,,
2026-01-27T18:00:00.000Z,-15.1,0,360,2.6,,
2026-01-27T19:00:00.000Z,-14.7,0,20,2.6,,
2026-01-27T20:00:00.000Z,-15.4,0,36,1.9,,
2026-01-27T21:00:00.000Z,-16.1,0,27,0.6,,
2026-01-27T22:00:00.000Z,-17.3,0,0,0,,
2026-01-27T23:00:00.000Z,-17.4,0,170,2.5,,
2026-01-28T00:00:00.000Z,-17.4,0,178,2.5,,
2026-01-28T01:00:00.000Z,-17,0,191,2.7,,
2026-01-28T02:00:00.000Z,-16,0,202,2.8,,
2026-01-28T03:00:00.000Z,-15.4,0,190,2,,
2026-01-28T04:00:00.000Z,-16.3,0,237,3.6,,
2026-01-28T05:00:00.000Z,-16.9,0,244,5.9,,
2026-01-28T06:00:00.000Z,-16.6,0,231,5.9,,
2026-01-28T07:00:00.000Z,-16.5,0,219,3.5,,
2026-01-28T08:00:00.000Z,-14.6,0,214,5.3,,
2026-01-28T09:00:00.000Z,-13.3,0,207,7,,
2026-01-28T10:00:00.000Z,-13.1,0,212,6.5,,
2026-01-28T11:00:00.000Z,-12.8,0,208,7.3,,
2026-01-28T12:00:00.000Z,-13,0,212,7.7,,
2026-01-28T13:00:00.000Z,-12.7,0,212,7.7,,
2026-01-28T14:00:00.000Z,-12.5,0,206,6.1,,
2026-01-28T15:00:00.000Z,-13.1,0,201,6.9,,
2026-01-28T16:00:00.000Z,-13.8,0,203,7,,
2026-01-28T17:00:00.000Z,-13.7,0.1,209,7.8,,
2026-01-28T18:00:00.000Z,-13.7,0,205,7.8,,
2026-01-28T19:00:00.000Z,-14,0.1,213,7,,
2026-01-28T20:00:00.000Z,-14.4,0,212,6,,
2026-01-28T21:00:00.000Z,-15,0,214,5.6,,
2026-01-28T22:00:00.000Z,-14.7,0,220,3.5,,
2026-01-28T23:00:00.000Z,-16.2,0,213,3.2,,
2026-01-29T00:00:00.000Z,-16.6,0,228,3.2,,
2026-01-29T01:00:00.000Z,-17.2,0,220,3.8,,
2026-01-29T02:00:00.000Z,-16.3,0,249,4.6,,
2026-01-29T03:00:00.000Z,-16.9,0,250,5.2,,
2026-01-29T04:00:00.000Z,-17.5,0,249,5.5,,
2026-01-29T05:00:00.000Z,-18,0,258,4.6,,
2026-01-29T06:00:00.000Z,-18.4,0,245,2.9,,
2026-01-29T07:00:00.000Z,-18.5,0,245,2.9,,
2026-01-29T08:00:00.000Z,-18.5,0,209,2.1,,
2026-01-29T09:00:00.000Z,-17,0,216,1.4,,
2026-01-29T10:00:00.000Z,-14.3,0,189,2,,
2026-01-29T11:00:00.000Z,-12.7,0,185,2.4,,
2026-01-29T12:00:00.000Z,-13.3,0.1,201,5,,
2026-01-29T13:00:00.000Z,-14.2,0,200,4.7,,
2026-01-29T14:00:00.000Z,-15.7,0,194,4.2,,
2026-01-29T15:00:00.000Z,-16,0,200,4.6,,
2026-01-29T16:00:00.000Z,-16,0,198,4.8,,
2026-01-29T17:00:00.000Z,-16.9,0,189,4.8,,
2026-01-29T18:00:00.000Z,-16.9,0,191,4.9,,
2026-01-29T19:00:00.000Z,-16.5,0.1,189,4.6,,
2026-01-29T20:00:00.000Z,-16.9,0,194,6,,
2026-01-29T21:00:00.000Z,-17.2,0,193,5.6,,
2026-01-29T22:00:00.000Z,-17.8,0.1,208,5.5,,
2026-01-29T23:00:00.000Z,-16.3,0.1,230,6,,
2026-01-30T00:00:00.000Z,-14.9,0.1,199,4.6,,
2026-01-30T01:00:00.000Z,-15.6,0,199,4.7,,
2026-01-30T02:00:00.000Z,-15.3,0,197,4.7,,
2026-01-30T03:00:00.000Z,-14.2,0,198,6.4,,
2026-01-30T04:00:00.000Z,-14.4,0,197,5.5,,
2026-01-30T05:00:00.000Z,-14,0,193,5.1,,
2026-01-30T06:00:00.000Z,-13.8,0,179,4.1,,
2026-01-30T07:00:00.000Z,-13.4,0,184,5.2,,
2026-01-30T08:00:00.000Z,-13,0,187,6.8,,
2026-01-30T09:00:00.000Z,-12.8,0,190,5.9,,
2026-01-30T10:00:00.000Z,-12.5,0.1,183,5,,
2026-01-30T11:00:00.000Z,-12.1,0,186,5.5,,
2026-01-30T12:00:00.000Z,-11.9,0,192,5.4,,
2026-01-30T13:00:00.000Z,-12,0,190,5.6,,
2026-01-30T14:00:00.000Z,-12.4,0,199,6.1,,
2026-01-30T15:00:00.000Z,-12.8,0,201,5.3,,
2026-01-30T16:00:00.000Z,-12.6,0.1,187,4.7,,
2026-01-30T17:00:00.000Z,-12.3,0.1,181,5.8,,
2026-01-30T18:00:00.000Z,-12.2,0.1,179,5.5,,
2026-01-30T19:00:00.000Z,-12.2,0,175,5.2,,
2026-01-30T20:00:00.000Z,-12.1,0,178,5,,
2026-01-30T21:00:00.000Z,-12.1,0,176,5.6,,
2026-01-30T22:00:00.000Z,-12.1,0,179,5.3,,
2026-01-30T23:00:00.000Z,-12.1,0,180,4.8,,
2026-01-31T00:00:00.000Z,-12.1,0,186,5.5,,
2026-01-31T01:00:00.000Z,-12.1,0,180,5.4,,
2026-01-31T02:00:00.000Z,-12.2,0,180,4.6,,
2026-01-31T03:00:00.000Z,-12.3,0,188,5.6,,
2026-01-31T04:00:00.000Z,-12.3,0,188,5.4,,
2026-01-31T05:00:00.000Z,-12.3,0,190,5.5,,
2026-01-31T06:00:00.000Z,-12.3,0,189,5.2,,
2026-01-31T07:00:00.000Z,-12.1,0,188,6,,
2026-01-31T08:00:00.000Z,-11.9,0,190,5.4,,
2026-01-31T09:00:00.000Z,-11.6,0,192,5.4,,
2026-01-31T10:00:00.000Z,-11.2,0,194,6.9,,
2026-01-31T11:00:00.000Z,-10.7,0,193,6.8,,
2026-01-31T12:00:00.000Z,-10.7,0,194,5.6,,
2026-01-31T13:00:00.000Z,-11,0,189,5.5,,
2026-01-31T14:00:00.000Z,-11.4,0,189,5.9,,
2026-01-31T15:00:00.000Z,-12.1,0,194,6,,
2026-01-31T16:00:00.000Z,-12.7,0,200,7.3,,
2026-01-31T17:00:00.000Z,-12.8,0,194,7.3,,
2026-01-31T18:00:00.000Z,-12.8,0,193,7.1,,
2026-01-31T19:00:00.000Z,-13.1,0.1,193,6.3,,
2026-01-31T20:00:00.000Z,-12.9,0,201,6.2,,
2026-01-31T21:00:00.000Z,-12.9,0.1,203,7.4,,
2026-01-31T22:00:00.000Z,-12.9,0,201,7.8,,
2026-01-31T23:00:00.000Z,-12.6,0,206,7.6,,
2026-02-01T00:00:00.000Z,-12.9,0,202,6.6,,
2026-02-01T01:00:00.000Z,-12.7,0,201,6.7,,
2026-02-01T02:00:00.000Z,-12.6,0,198,6.1,,
2026-02-01T03:00:00.000Z,-12.7,0,192,6.6,,
2026-02-01T04:00:00.000Z,-12.7,0,200,6.8,,
2026-02-01T05:00:00.000Z,-12.8,0,196,7.2,,
2026-02-01T06:00:00.000Z,-12.8,0,197,6.7,,
2026-02-01T07:00:00.000Z,-13,0,194,6.7,,
2026-02-01T08:00:00.000Z,-13,0.1,193,3.9,,
2026-02-01T09:00:00.000Z,-12.5,0.1,204,5.7,,
2026-02-01T10:00:00.000Z,-12.1,0,200,7.1,,
2026-02-01T11:00:00.000Z,-11.7,0.1,198,5.5,,
2026-02-01T12:00:00.000Z,-12.2,0,208,7.6,,
2026-02-01T13:00:00.000Z,-12.4,0,205,7.5,,
2026-02-01T14:00:00.000Z,-12.9,0,204,7.4,,
2026-02-01T15:00:00.000Z,-13,0,197,5.3,,
2026-02-01T16:00:00.000Z,-13.2,0,203,5.5,,
2026-02-01T17:00:00.000Z,-13.3,0,203,6.8,,
2026-02-01T18:00:00.000Z,-13.3,0,200,6.8,,
2026-02-01T19:00:00.000Z,-13.4,0,207,6.8,,
2026-02-01T20:00:00.000Z,-13.6,0,201,6.8,,
2026-02-01T21:00:00.000Z,-13.3,0,209,5.8,,
2026-02-01T22:00:00.000Z,-13.2,0,204,6.3,,
2026-02-01T23:00:00.000Z,-13,0,202,6.2,,
2026-02-02T00:00:00.000Z,-13.1,0,205,7.2,,
2026-02-02T01:00:00.000Z,-13.3,0,213,7.9,,
2026-02-02T02:00:00.000Z,-13.4,0,206,6.1,,
2026-02-02T03:00:00.000Z,-13.5,0,202,6.7,,
2026-02-02T04:00:00.000Z,-13.6,0,199,6.6,,
2026-02-02T05:00:00.000Z,-13.6,0,199,6.3,,
2026-02-02T06:00:00.000Z,-13.5,0,199,6.7,,
2026-02-02T07:00:00.000Z,-13.5,0,198,6.9,,
2026-02-02T08:00:00.000Z,-13.5,0.1,203,6,,
2026-02-02T09:00:00.000Z,-13.4,0.1,203,5.4,,
2026-02-02T10:00:00.000Z,-13.2,0.1,203,5.3,,
2026-02-02T11:00:00.000Z,-12.9,0,199,5.7,,
2026-02-02T12:00:00.000Z,-13,0,199,5.8,,
2026-02-02T13:00:00.000Z,-13.2,0,201,6.1,,
2026-02-02T14:00:00.000Z,-13.7,0,202,5.7,,
2026-02-02T15:00:00.000Z,-14.6,0,205,6.3,,
2026-02-02T16:00:00.000Z,-15.1,0,205,7,,
2026-02-02T17:00:00.000Z,-14.9,0,211,5.8,,
2026-02-02T18:00:00.000Z,-14.9,0,209,5.4,,
2026-02-02T19:00:00.000Z,-15,0,209,5.4,,
2026-02-02T20:00:00.000Z,-15,0,208,4.6,,
2026-02-02T21:00:00.000Z,-15.1,0,212,5,,
2026-02-02T22:00:00.000Z,-15.2,0,215,4,,
2026-02-02T23:00:00.000Z,-15.4,0,212,4.9,,
2026-02-03T00:00:00.000Z,-15.9,0,218,5.9,,
2026-02-03T01:00:00.000Z,-16.1,0,218,5.9,,
2026-02-03T02:00:00.000Z,-16.2,0,217,6.4,,
2026-02-03T03:00:00.000Z,-16.2,0,216,7.5,,
2026-02-03T05:00:00.000Z,-16.4,0,217,6.6,,
2026-02-03T06:00:00.000Z,-16.8,0,209,5.3,,
2026-02-03T07:00:00.000Z,-16.9,0,211,5.9,,
2026-02-03T08:00:00.000Z,-16.3,0,212,6.8,,
2026-02-03T09:00:00.000Z,-14.7,0,211,6.3,,
2026-02-03T10:00:00.000Z,-14.3,0,220,5.5,,
2026-02-03T11:00:00.000Z,-13.1,0,219,4.9,,
2026-02-03T12:00:00.000Z,-12.5,0,212,4.9,,
2026-02-03T13:00:00.000Z,-12.7,0,224,7.1,,
2026-02-03T14:00:00.000Z,-13.6,0,226,6.2,,
2026-02-03T15:00:00.000Z,-13.9,0,232,5.9,,
2026-02-03T16:00:00.000Z,-13.8,0,231,6.8,,
2026-02-03T17:00:00.000Z,-14.3,0,231,5.3,,
2026-02-03T18:00:00.000Z,-14.1,0,223,5.1,,
2026-02-03T19:00:00.000Z,-14.1,0,232,5.9,,
2026-02-03T20:00:00.000Z,-13.7,0,236,6.8,,
2026-02-03T21:00:00.000Z,-13.5,0,237,5.7,,
2026-02-03T22:00:00.000Z,-13.3,0,240,7.3,,
2026-02-03T23:00:00.000Z,-13.4,0,242,8.3,,
2026-02-04T00:00:00.000Z,-13.8,0,234,6.7,,
2026-02-04T01:00:00.000Z,-14.6,0,242,6.4,,
2026-02-04T02:00:00.000Z,-14.6,0,235,5.8,,
2026-02-04T03:00:00.000Z,-15,0,240,5.8,,
2026-02-04T04:00:00.000Z,-14.6,0,247,7.1,,
2026-02-04T05:00:00.000Z,-14.8,0,246,7.1,,
2026-02-04T06:00:00.000Z,-14.6,0,249,6.5,,
2026-02-04T07:00:00.000Z,-14.3,0,246,6,,
2026-02-04T08:00:00.000Z,-14,0,240,3.8,,
2026-02-04T09:00:00.000Z,-12.9,0,236,3.6,,
2026-02-04T10:00:00.000Z,-12.3,0,236,4.2,,
2026-02-04T11:00:00.000Z,-12,0,241,4.4,,
2026-02-04T12:00:00.000Z,-13,0,249,4.5,,
2026-02-04T13:00:00.000Z,-13.4,0,247,5.1,,
2026-02-04T14:00:00.000Z,-14.7,0,246,4.9,,
2026-02-04T15:00:00.000Z,-15.5,0,248,5.2,,
2026-02-04T16:00:00.000Z,-15.4,0,249,4.8,,
2026-02-04T17:00:00.000Z,-15.3,0,250,5.3,,
2026-02-04T18:00:00.000Z,-14.9,0,249,5,,
2026-02-04T19:00:00.000Z,-14.8,0,247,5.3,,
2026-02-04T20:00:00.000Z,-16.5,0,252,6.5,,
2026-02-04T21:00:00.000Z,-16.3,0,249,6,,
2026-02-04T22:00:00.000Z,-16.6,0,246,6.2,,
2026-02-04T23:00:00.000Z,-17.2,0,251,6.7,,
2026-02-05T00:00:00.000Z,-17.7,0,253,8.1,,
2026-02-05T01:00:00.000Z,-18.2,0,254,7.7,,
2026-02-05T02:00:00.000Z,-17.7,0,249,7,,
2026-02-05T03:00:00.000Z,-17.6,0,249,8.1,,
2026-02-05T04:00:00.000Z,-17.7,0,249,8.3,,
2026-02-05T05:00:00.000Z,-17.6,0,242,6.3,,
2026-02-05T06:00:00.000Z,-17.4,0,251,7.2,,
2026-02-05T07:00:00.000Z,-16.9,0,247,6.2,,
2026-02-05T08:00:00.000Z,-16.4,0,249,7.5,,
2026-02-05T09:00:00.000Z,-15.5,0,240,6.6,,
2026-02-05T10:00:00.000Z,-14.7,0,241,4.9,,
2026-02-05T11:00:00.000Z,-14.3,0,242,4.9,,
2026-02-05T12:00:00.000Z,-14.3,0,235,5.5,,
2026-02-05T13:00:00.000Z,-14.3,0,242,5.4,,
2026-02-05T14:00:00.000Z,-15.2,0,242,5,,
2026-02-05T15:00:00.000Z,-15.9,0,240,3.2,,
2026-02-05T16:00:00.000Z,-16.6,0,234,4.4,,
2026-02-05T17:00:00.000Z,-16.3,0,229,3.6,,
2026-02-05T18:00:00.000Z,-17.6,0,192,4.2,,
2026-02-05T19:00:00.000Z,-16.7,0,195,5,,
2026-02-05T20:00:00.000Z,-16,0,207,5.2,,
2026-02-05T21:00:00.000Z,-15.6,0,187,4,,
2026-02-05T22:00:00.000Z,-15.4,0,176,2.8,,
2026-02-05T23:00:00.000Z,-14.9,0,168,2.9,,
2026-02-06T00:00:00.000Z,-14.2,0,172,3.7,,
2026-02-06T01:00:00.000Z,-14.1,0,177,2.8,,
2026-02-06T02:00:00.000Z,-15.4,0,186,2.6,,
2026-02-06T03:00:00.000Z,-16.4,0,170,3.1,,
2026-02-06T04:00:00.000Z,-15.3,0,176,2.9,,
2026-02-06T05:00:00.000Z,-14.7,0,169,2.4,,
2026-02-06T06:00:00.000Z,-15,0,177,3,,
2026-02-06T07:00:00.000Z,-16.5,0,179,2.9,,
2026-02-06T08:00:00.000Z,-16.7,0,187,3.3,,
2026-02-06T09:00:00.000Z,-13.9,0.1,193,4.5,,
2026-02-06T10:00:00.000Z,-12.2,0,191,4.1,,
2026-02-06T11:00:00.000Z,-12,0,200,4.3,,
2026-02-06T12:00:00.000Z,-10.8,0,199,2.2,,
2026-02-06T13:00:00.000Z,-11,0,226,2,,
2026-02-06T14:00:00.000Z,-11.4,0,248,1.1,,
2026-02-06T15:00:00.000Z,-11.7,0,169,1.8,,
2026-02-06T16:00:00.000Z,-12.4,0,23,0.9,,
2026-02-06T17:00:00.000Z,-13.2,0,144,1.7,,
2026-02-06T18:00:00.000Z,-12.8,0,76,0.8,,
2026-02-06T19:00:00.000Z,-12.6,0,137,0.9,,
2026-02-06T20:00:00.000Z,-12.6,0,175,1.2,,
2026-02-06T21:00:00.000Z,-12.8,0,110,1.1,,
2026-02-06T22:00:00.000Z,-11.8,0,69,1.2,,
2026-02-06T23:00:00.000Z,-10.6,0,217,1.7,,
2026-02-07T00:00:00.000Z,-9.8,0,0,0,,
2026-02-07T01:00:00.000Z,-12,0,60,1.9,,
2026-02-07T02:00:00.000Z,-11.5,0,35,2.2,,
2026-02-07T03:00:00.000Z,-11.4,0,63,1.5,,
2026-02-07T04:00:00.000Z,-11.4,0,16,3,,
2026-02-07T05:00:00.000Z,-12,0,11,2.7,,
2026-02-07T06:00:00.000Z,-12.3,0,13,2.9,,
2026-02-07T07:00:00.000Z,-12.3,0,8,2.8,,
2026-02-07T08:00:00.000Z,-11.8,0,9,2.7,,
2026-02-07T09:00:00.000Z,-11.3,0,8,3,,
2026-02-07T10:00:00.000Z,-10.8,0,11,2.2,,
2026-02-07T11:00:00.000Z,-9.6,0,72,2.6,,
2026-02-07T12:00:00.000Z,-8,0,96,2,,
2026-02-07T13:00:00.000Z,-8.5,0,77,1.6,,
2026-02-07T14:00:00.000Z,-9.5,0,127,2.9,,
2026-02-07T15:00:00.000Z,-10.7,0,132,3.3,,
2026-02-07T16:00:00.000Z,-10.9,0,128,3.5,,
2026-02-07T17:00:00.000Z,-11.1,0,147,3.5,,
2026-02-07T18:00:00.000Z,-11.3,0,152,2.7,,
2026-02-07T19:00:00.000Z,-13.2,0,177,2.8,,
2026-02-07T20:00:00.000Z,-13.6,0,189,2.8,,
2026-02-07T21:00:00.000Z,-13.1,0,211,3,,
2026-02-07T22:00:00.000Z,-12.6,0,181,3,,
2026-02-07T23:00:00.000Z,-12.4,0,192,3.4,,
2026-02-08T00:00:00.000Z,-12.3,0,200,2.9,,
2026-02-08T01:00:00.000Z,-12.2,0,234,3,,
2026-02-08T02:00:00.000Z,-11.9,0,252,3.6,,
2026-02-08T03:00:00.000Z,-12,0,247,4,,
2026-02-08T04:00:00.000Z,-11.9,0,245,5.4,,
2026-02-08T05:00:00.000Z,-12.3,0,236,5,,
2026-02-08T06:00:00.000Z,-11.7,0,247,5.5,,
2026-02-08T07:00:00.000Z,-10.9,0,240,6,,
2026-02-08T08:00:00.000Z,-10.4,0,238,6.7,,
2026-02-08T09:00:00.000Z,-9.9,0,242,7.1,,
2026-02-08T10:00:00.000Z,-10,0,238,6.8,,
2026-02-08T11:00:00.000Z,-10.3,0,237,6.2,,
2026-02-08T12:00:00.000Z,-9.2,0,236,5.7,,
2026-02-08T13:00:00.000Z,-9.2,0,240,7,,
2026-02-08T14:00:00.000Z,-9.5,0,260,7.3,,
2026-02-08T15:00:00.000Z,-11,0,259,8.1,,
2026-02-08T16:00:00.000Z,-10.8,0,258,9,,
2026-02-08T17:00:00.000Z,-11.9,0,263,8.2,,
2026-02-08T18:00:00.000Z,-10,0,266,8.3,,
2026-02-08T19:00:00.000Z,-9.5,0,266,5.6,,
2026-02-08T20:00:00.000Z,-8.2,0,269,9.4,,
2026-02-08T21:00:00.000Z,-8.7,0,267,5.1,,
2026-02-08T22:00:00.000Z,-8.3,0,273,4.5,,
2026-02-08T23:00:00.000Z,-7.5,0,289,4.2,,
2026-02-09T00:00:00.000Z,-6.5,0,318,2.7,,
2026-02-09T01:00:00.000Z,-7.5,0,332,1.8,,
2026-02-09T02:00:00.000Z,-5.2,0,257,2,,
2026-02-09T03:00:00.000Z,-6.4,0,295,2.4,,
2026-02-09T04:00:00.000Z,-5.8,0,297,2.8,,
2026-02-09T05:00:00.000Z,-4.8,0,320,1.5,,
2026-02-09T06:00:00.000Z,-4.6,0,360,1.1,,
2026-02-09T07:00:00.000Z,-4.2,0,355,1.5,,
2026-02-09T08:00:00.000Z,-3.6,0,224,1.4,,
2026-02-09T09:00:00.000Z,-2.9,0,251,2.5,,
2026-02-09T10:00:00.000Z,-2.7,0,344,1.8,,
2026-02-09T11:00:00.000Z,-1.9,0,300,1.3,,
2026-02-09T12:00:00.000Z,-1.9,0,263,1.7,,
2026-02-09T13:00:00.000Z,-2,0,282,2.5,,
2026-02-09T14:00:00.000Z,-2.4,0,292,2.7,,
2026-02-09T15:00:00.000Z,-2.9,0,309,2.7,,
2026-02-09T16:00:00.000Z,-2.6,0,324,2.4,,
2026-02-09T17:00:00.000Z,-3,0,332,2.5,,
2026-02-09T18:00:00.000Z,-3.3,0,337,2.7,,
2026-02-09T19:00:00.000Z,-3.3,0,346,2.3,,
2026-02-09T20:00:00.000Z,-3.7,0,311,1.7,,
2026-02-09T21:00:00.000Z,-3.9,0,337,2.1,,
2026-02-09T22:00:00.000Z,-4.1,0,341,2.3,,
2026-02-09T23:00:00.000Z,-4.4,0,314,1.8,,
2026-02-10T00:00:00.000Z,-4.2,0,320,1.9,,
2026-02-10T01:00:00.000Z,-4.7,0,310,2.4,,
2026-02-10T02:00:00.000Z,-4.8,0,297,1.4,,
2026-02-10T03:00:00.000Z,-4.4,0,241,1.9,,
2026-02-10T04:00:00.000Z,-4.4,0,267,3.2,,
2026-02-10T05:00:00.000Z,-3.7,0,269,3.8,,
2026-02-10T06:00:00.000Z,-3.7,0,276,3.8,,
2026-02-10T07:00:00.000Z,-5.4,0,262,2.7,,
2026-02-10T08:00:00.000Z,-4.5,0,276,5.8,,
2026-02-10T09:00:00.000Z,-4,0,269,5.1,,
2026-02-10T10:00:00.000Z,-3.6,0,252,4.3,,
2026-02-10T11:00:00.000Z,-4.2,0,257,3.2,,
2026-02-10T12:00:00.000Z,-4.8,0,270,4.7,,
2026-02-10T13:00:00.000Z,-4.6,0,287,3.7,,
2026-02-10T14:00:00.000Z,-4.2,0,318,1.7,,
2026-02-10T15:00:00.000Z,-4.8,0,299,1.6,,
2026-02-10T16:00:00.000Z,-5.5,0,17,1.6,,
2026-02-10T17:00:00.000Z,-5.2,0,355,3.4,,
2026-02-10T18:00:00.000Z,-5.7,0.2,5,3.6,,
2026-02-10T19:00:00.000Z,-6.7,0.1,16,3.3,,
2026-02-10T20:00:00.000Z,-7.5,0,12,2.6,,
2026-02-10T21:00:00.000Z,-7.9,0,18,2.2,,
2026-02-10T22:00:00.000Z,-8.8,0.1,9,3.2,,
2026-02-10T23:00:00.000Z,-9.8,0.3,13,3.4,,
2026-02-11T00:00:00.000Z,-11,0,16,2.9,,
2026-02-11T01:00:00.000Z,-11.8,0.1,10,3.3,,
2026-02-11T02:00:00.000Z,-12.1,0,15,3.2,,
2026-02-11T03:00:00.000Z,-12.9,0,14,3,,
2026-02-11T04:00:00.000Z,-13.4,0,3,2.9,,
2026-02-11T05:00:00.000Z,-13.8,0,350,2.2,,
2026-02-11T06:00:00.000Z,-14.1,0,354,1.5,,
2026-02-11T07:00:00.000Z,-14.3,0,354,1.5,,
2026-02-11T08:00:00.000Z,-14.2,0,358,1.6,,
2026-02-11T09:00:00.000Z,-14,0.2,8,1.5,,
2026-02-11T10:00:00.000Z,-14,0.1,16,2,,
2026-02-11T11:00:00.000Z,-13.7,0.1,352,1.8,,
2026-02-11T12:00:00.000Z,-13.1,0,337,1.1,,
2026-02-11T13:00:00.000Z,-13.6,0,5,2.3,,
2026-02-11T14:00:00.000Z,-13.7,0,8,3.1,,
2026-02-11T15:00:00.000Z,-14.2,0,17,3.2,,
2026-02-11T16:00:00.000Z,-14.4,0,13,2.9,,
2026-02-11T17:00:00.000Z,-14.7,0,24,2.8,,
2026-02-11T18:00:00.000Z,-14.8,0,23,2.5,,
2026-02-11T19:00:00.000Z,-15.1,0,6,2.1,,
2026-02-11T20:00:00.000Z,-15.3,0,14,1.5,,
2026-02-11T21:00:00.000Z,-16.9,0,17,2.2,,
2026-02-11T22:00:00.000Z,-16.5,0,29,1.9,,
2026-02-11T23:00:00.000Z,-17.5,0,13,1.3,,
2026-02-12T00:00:00.000Z,-16.5,0,360,1.1,,
2026-02-12T01:00:00.000Z,-16.6,0,330,1.6,,
2026-02-12T02:00:00.000Z,-16.1,0.1,353,1.5,,
2026-02-12T03:00:00.000Z,-15.8,0.1,333,1.1,,
2026-02-12T04:00:00.000Z,-15.2,0.1,160,0.6,,
2026-02-12T05:00:00.000Z,-15,0,170,0.8,,
2026-02-12T06:00:00.000Z,-14.6,0,151,0.6,,
2026-02-12T07:00:00.000Z,-14.8,0.1,0,0,,
2026-02-12T08:00:00.000Z,-14.3,0.1,194,2,,
2026-02-12T09:00:00.000Z,-13.8,0,183,2.5,,
2026-02-12T10:00:00.000Z,-13.5,0,196,2.8,,
2026-02-12T11:00:00.000Z,-12.9,0,185,2.7,,
2026-02-12T12:00:00.000Z,-12.5,0,182,2.2,,
2026-02-12T13:00:00.000Z,-12.3,0,191,1.8,,
2026-02-12T14:00:00.000Z,-12.9,0,175,2.1,,
2026-02-12T15:00:00.000Z,-13.8,0,194,2.5,,
2026-02-12T16:00:00.000Z,-14.9,0,205,3.4,,
2026-02-12T17:00:00.000Z,-15.4,0,217,3,,
2026-02-12T18:00:00.000Z,-15.5,0,209,3.8,,
2026-02-12T19:00:00.000Z,-15.4,0,210,3.3,,
2026-02-12T20:00:00.000Z,-15,0,203,4.4,,
2026-02-12T21:00:00.000Z,-15.4,0,209,6.2,,
2026-02-12T22:00:00.000Z,-15.4,0,200,4.8,,
2026-02-12T23:00:00.000Z,-15.3,0,204,5,,
2026-02-13T00:00:00.000Z,-14.3,0,226,6.5,,
2026-02-13T01:00:00.000Z,-14.3,0,230,5.5,,
2026-02-13T02:00:00.000Z,-14.6,0,234,5.4,,
2026-02-13T03:00:00.000Z,-15.1,0,231,4.3,,
2026-02-13T04:00:00.000Z,-15.6,0,228,3.3,,
2026-02-13T05:00:00.000Z,-16.4,0,212,2.2,,
2026-02-13T06:00:00.000Z,-16.4,0,219,3.4,,
2026-02-13T07:00:00.000Z,-16.4,0,213,4.1,,
2026-02-13T08:00:00.000Z,-15.8,0,202,4,,
2026-02-13T09:00:00.000Z,-15.3,0,197,3.5,,
2026-02-13T10:00:00.000Z,-14.5,0,221,5.3,,
2026-02-13T11:00:00.000Z,-14,0,217,4.7,,
2026-02-13T12:00:00.000Z,-14.3,0,223,4.1,,
2026-02-13T13:00:00.000Z,-14,0,213,3.8,,
2026-02-13T14:00:00.000Z,-14.7,0,222,4.5,,
2026-02-13T15:00:00.000Z,-15.3,0,227,4.7,,
2026-02-13T16:00:00.000Z,-15.6,0,256,5.6,,
2026-02-13T17:00:00.000Z,-15.9,0,257,3.4,,
2026-02-13T18:00:00.000Z,-15.2,0,256,6,,
2026-02-13T19:00:00.000Z,-15.8,0,255,6.4,,
2026-02-13T20:00:00.000Z,-16.1,0,261,4.9,,
2026-02-13T21:00:00.000Z,-16.7,0,266,3.3,,
2026-02-13T22:00:00.000Z,-17.1,0,245,4.1,,
2026-02-13T23:00:00.000Z,-16.9,0,249,4.3,,
2026-02-14T00:00:00.000Z,-15.9,0,282,2.7,,
2026-02-14T01:00:00.000Z,-15.2,0,301,3.6,,
2026-02-14T02:00:00.000Z,-14.3,0,305,3.2,,
2026-02-14T03:00:00.000Z,-13.1,0,328,2.2,,
2026-02-14T04:00:00.000Z,-12.6,0,305,3.1,,
2026-02-14T05:00:00.000Z,-12,0,317,3.5,,
2026-02-14T06:00:00.000Z,-11.2,0,308,3,,
2026-02-14T07:00:00.000Z,-10.4,0,313,2.9,,
2026-02-14T08:00:00.000Z,-10.1,0,295,3.1,,
2026-02-14T09:00:00.000Z,-8.3,0,280,1.9,,
2026-02-14T10:00:00.000Z,-7.6,0,275,1.7,,
2026-02-14T11:00:00.000Z,-6.4,0,251,1.5,,
2026-02-14T12:00:00.000Z,-6.8,0,265,2.2,,
2026-02-14T13:00:00.000Z,-7.3,0,272,4,,
2026-02-14T14:00:00.000Z,-8.1,0,289,3.5,,
2026-02-14T15:00:00.000Z,-8.9,0,290,3.9,,
2026-02-14T16:00:00.000Z,-9.3,0,286,4.6,,
2026-02-14T17:00:00.000Z,-9.5,0,283,5,,
2026-02-14T18:00:00.000Z,-9.5,0,290,4.6,,
2026-02-14T19:00:00.000Z,-9.8,0,294,4.4,,
2026-02-14T20:00:00.000Z,-10.3,0,290,3.8,,
2026-02-14T21:00:00.000Z,-10.5,0,267,3,,
2026-02-14T22:00:00.000Z,-9.6,0,264,3.7,,
2026-02-14T23:00:00.000Z,-10,0,253,3.8,,
2026-02-15T00:00:00.000Z,-9.3,0,254,3.6,,
2026-02-15T01:00:00.000Z,-9.3,0,262,4.4,,
2026-02-15T02:00:00.000Z,-10.2,0,254,5,,
2026-02-15T03:00:00.000Z,-9.7,0,256,5.4,,
2026-02-15T04:00:00.000Z,-9.6,0,255,5.8,,
2026-02-15T05:00:00.000Z,-9.3,0,253,5.8,,
2026-02-15T06:00:00.000Z,-9.8,0,255,6.6,,
2026-02-15T07:00:00.000Z,-9.6,0,252,7.4,,
2026-02-15T08:00:00.000Z,-9.4,0,250,5.5,,
2026-02-15T09:00:00.000Z,-9.1,0,235,4.6,,
2026-02-15T10:00:00.000Z,-9.1,0,245,6.2,,
2026-02-15T11:00:00.000Z,-9.1,0,242,6.3,,
2026-02-15T12:00:00.000Z,-8.1,0,239,6.6,,
2026-02-15T13:00:00.000Z,-8.6,0,236,7.4,,
2026-02-15T14:00:00.000Z,-9.9,0,224,6,,
2026-02-15T15:00:00.000Z,-10.1,0,224,6.8,,
2026-02-15T16:00:00.000Z,-10.2,0,231,5.8,,
2026-02-15T17:00:00.000Z,-10.5,0,230,7,,
2026-02-15T18:00:00.000Z,-11.2,0,225,5.1,,
2026-02-15T19:00:00.000Z,-9.9,0,227,6.8,,
2026-02-15T20:00:00.000Z,-9,0,235,8.3,,
2026-02-15T21:00:00.000Z,-8.9,0,236,9.5,,
2026-02-15T22:00:00.000Z,-9.5,0,220,8.1,,
2026-02-15T23:00:00.000Z,-9.4,0,221,7.8,,
2026-02-16T00:00:00.000Z,-9.1,0,227,8.1,,
2026-02-16T01:00:00.000Z,-9.1,0,211,5.5,,
2026-02-16T02:00:00.000Z,-9,0,216,7.4,,
2026-02-16T03:00:00.000Z,-9.1,0,207,6.8,,
2026-02-16T04:00:00.000Z,-9.3,0,202,6.5,,
2026-02-16T05:00:00.000Z,-9.5,0,199,5.8,,
2026-02-16T06:00:00.000Z,-10.1,0,205,5.3,,
2026-02-16T07:00:00.000Z,-10.3,0,196,8.1,,
2026-02-16T08:00:00.000Z,-11,0,198,7.7,,
2026-02-16T09:00:00.000Z,-11.1,0,216,5.4,,
2026-02-16T10:00:00.000Z,-10.8,0,213,4.8,,
2026-02-16T11:00:00.000Z,-10.5,0,206,5.8,,
2026-02-16T12:00:00.000Z,-9.6,0,217,4.6,,
2026-02-16T13:00:00.000Z,-10,0,228,4.6,,
2026-02-16T14:00:00.000Z,-10.4,0,221,7,,
2026-02-16T15:00:00.000Z,-11,0,218,5.3,,
2026-02-16T16:00:00.000Z,-11.6,0,223,6.2,,
2026-02-16T17:00:00.000Z,-12,0,223,6.9,,
2026-02-16T18:00:00.000Z,-11.9,0,224,7.7,,
2026-02-16T19:00:00.000Z,-12.4,0,233,5.1,,
2026-02-16T20:00:00.000Z,-12.2,0,227,6.9,,
2026-02-16T21:00:00.000Z,-12,0,231,7.1,,
2026-02-16T22:00:00.000Z,-12.3,0,241,7.3,,
2026-02-16T23:00:00.000Z,-12.2,0,239,3.8,,
2026-02-17T00:00:00.000Z,-12.4,0,223,3.5,,
2026-02-17T01:00:00.000Z,-11.8,0,246,5.5,,
2026-02-17T02:00:00.000Z,-11.9,0,211,2.4,,
2026-02-17T03:00:00.000Z,-11.7,0,202,1.3,,
2026-02-17T04:00:00.000Z,-12.7,0,227,3.9,,
2026-02-17T05:00:00.000Z,-12.8,0,212,3,,
2026-02-17T06:00:00.000Z,-13.1,0,245,3.9,,
2026-02-17T07:00:00.000Z,-13.1,0,217,5.2,,
2026-02-17T08:00:00.000Z,-12.5,0,221,6.2,,
2026-02-17T09:00:00.000Z,-11.8,0,222,6.9,,
2026-02-17T10:00:00.000Z,-11.4,0,219,6.6,,
2026-02-17T11:00:00.000Z,-10.8,0,208,6.4,,
2026-02-17T12:00:00.000Z,-10.8,0,210,5.8,,
2026-02-17T13:00:00.000Z,-10.5,0,203,7.1,,
2026-02-17T14:00:00.000Z,-10.7,0,209,6.5,,
2026-02-17T15:00:00.000Z,-10.4,0,224,8.1,,
2026-02-17T16:00:00.000Z,-10.5,0,228,7.3,,
2026-02-17T17:00:00.000Z,-10.6,0,239,7.6,,
2026-02-17T18:00:00.000Z,-10.8,0,231,5.5,,
2026-02-17T19:00:00.000Z,-10.8,0.1,241,6.7,,
2026-02-17T20:00:00.000Z,-10.5,0.3,251,6.1,,
2026-02-17T21:00:00.000Z,-10.4,0.4,260,5.2,,
2026-02-17T22:00:00.000Z,-10.3,0.1,255,6.4,,
2026-02-17T23:00:00.000Z,-10.1,0,263,6.1,,
2026-02-18T00:00:00.000Z,-10,0,257,5.2,,
2026-02-18T01:00:00.000Z,-9.5,0.2,262,4.4,,
2026-02-18T02:00:00.000Z,-9.3,0.1,261,3,,
2026-02-18T03:00:00.000Z,-8.9,0,289,3.9,,
2026-02-18T04:00:00.000Z,-8.3,0.2,291,3.1,,
2026-02-18T05:00:00.000Z,-8.2,0.2,290,2.2,,
2026-02-18T06:00:00.000Z,-8.1,0.1,287,1.8,,
2026-02-18T07:00:00.000Z,-7.9,0.1,255,1.1,,
2026-02-18T08:00:00.000Z,-7.4,0.2,243,1.1,,
2026-02-18T09:00:00.000Z,-7.1,0.1,245,1.4,,
2026-02-18T10:00:00.000Z,-6.6,0.1,267,1.3,,
2026-02-18T11:00:00.000Z,-6.7,0.1,308,1.1,,
2026-02-18T12:00:00.000Z,-6.4,0.2,303,0.7,,
2026-02-18T13:00:00.000Z,-7,0.1,347,0.9,,
2026-02-18T14:00:00.000Z,-6.9,0.1,339,1.2,,
2026-02-18T15:00:00.000Z,-7.3,0,332,0.8,,
2026-02-18T16:00:00.000Z,-8.9,0,314,1.5,,
2026-02-18T17:00:00.000Z,-9.7,0,333,0.9,,
2026-02-18T18:00:00.000Z,-8.8,0,287,0.9,,
2026-02-18T19:00:00.000Z,-10,0,305,2.2,,
2026-02-18T20:00:00.000Z,-10.1,0,333,1.8,,
2026-02-18T21:00:00.000Z,-10.6,0,300,2.3,,
2026-02-18T22:00:00.000Z,-9.7,0,314,2.4,,
2026-02-18T23:00:00.000Z,-9.7,0,310,2.7,,
2026-02-19T00:00:00.000Z,-10.6,0,293,3.1,,
2026-02-19T01:00:00.000Z,-10.1,0,289,3.4,,
2026-02-19T02:00:00.000Z,-10.6,0,279,3,,
2026-02-19T03:00:00.000Z,-9.6,0,319,2.6,,
2026-02-19T04:00:00.000Z,-8.9,0,350,1.8,,
2026-02-19T05:00:00.000Z,-9.4,0,326,2.3,,
2026-02-19T06:00:00.000Z,-9.4,0,282,1.3,,
2026-02-19T07:00:00.000Z,-10.1,0,257,3.5,,
2026-02-19T08:00:00.000Z,-8.1,0,259,3.8,,
2026-02-19T09:00:00.000Z,-7.2,0,273,4.2,,
2026-02-19T10:00:00.000Z,-7.6,0,250,4.3,,
2026-02-19T11:00:00.000Z,-7,0,263,4.3,,
2026-02-19T12:00:00.000Z,-6.9,0,253,2,,
2026-02-19T13:00:00.000Z,-7,0,246,5.3,,
2026-02-19T14:00:00.000Z,-7.4,0,268,6.6,,
2026-02-19T15:00:00.000Z,-7.5,0,270,5.2,,
2026-02-19T16:00:00.000Z,-7.5,0,270,5.1,,
2026-02-19T17:00:00.000Z,-6.3,0,273,4.3,,
2026-02-19T18:00:00.000Z,-6.8,0,256,4.7,,
2026-02-19T19:00:00.000Z,-6.6,0,258,4,,
2026-02-19T20:00:00.000Z,-6.2,0,248,5.2,,
2026-02-19T21:00:00.000Z,-5.9,0,251,4.6,,
2026-02-19T22:00:00.000Z,-5.7,0,252,5.7,,
2026-02-19T23:00:00.000Z,-5.3,0,248,5.5,,
2026-02-20T00:00:00.000Z,-5.1,0,253,7.2,,
2026-02-20T01:00:00.000Z,-5.9,0,251,7.7,,
2026-02-20T02:00:00.000Z,-5.8,0,245,7.1,,
2026-02-20T03:00:00.000Z,-5.5,0,244,6.7,,
2026-02-20T04:00:00.000Z,-6.7,0,243,7.3,,
2026-02-20T05:00:00.000Z,-5.9,0,245,8.5,,
2026-02-20T06:00:00.000Z,-6,0,248,9.9,,
2026-02-20T07:00:00.000Z,-5.7,0,248,11.4,,
2026-02-20T08:00:00.000Z,-5.9,0,249,11.7,,
2026-02-20T09:00:00.000Z,-5.6,0,250,11.2,,
2026-02-20T10:00:00.000Z,-5.8,0,244,10.6,,
2026-02-20T11:00:00.000Z,-5.8,0,244,10.2,,
2026-02-20T12:00:00.000Z,-5.5,0,249,11.1,,
2026-02-20T13:00:00.000Z,-5.1,0,249,10.7,,
2026-02-20T14:00:00.000Z,-4.5,0,238,9.1,,
2026-02-20T15:00:00.000Z,-5.5,0,226,9.5,,
2026-02-20T16:00:00.000Z,-7.1,0,220,8.9,,
2026-02-20T17:00:00.000Z,-7.6,0,218,9.2,,
2026-02-20T18:00:00.000Z,-7.4,0,235,10.5,,
2026-02-20T19:00:00.000Z,-7.8,0,231,8,,
2026-02-20T20:00:00.000Z,-7.9,0,245,7.3,,
2026-02-20T21:00:00.000Z,-7.8,0,254,9.8,,
2026-02-20T22:00:00.000Z,-8,0,258,10.2,,
2026-02-20T23:00:00.000Z,-7.9,0,254,9.8,,
2026-02-21T00:00:00.000Z,-8.2,0,247,8.8,,
2026-02-21T01:00:00.000Z,-7.7,0,249,9,,
2026-02-21T02:00:00.000Z,-7.4,0,246,8.8,,
2026-02-21T03:00:00.000Z,-7.6,0,239,7.8,,
2026-02-21T04:00:00.000Z,-7.6,0,247,9.4,,
2026-02-21T05:00:00.000Z,-7.1,0,238,7.8,,
2026-02-21T06:00:00.000Z,-6.5,0,254,6.7,,
2026-02-21T07:00:00.000Z,-6.5,0,253,7.5,,
2026-02-21T08:00:00.000Z,-6.1,0,265,7,,
2026-02-21T09:00:00.000Z,-5.9,0.5,286,6.1,,
2026-02-21T10:00:00.000Z,-5.5,0.4,310,4.1,,
2026-02-21T11:00:00.000Z,-4.9,0.2,347,3.4,,
2026-02-21T12:00:00.000Z,-4.7,0,348,5.3,,
2026-02-21T13:00:00.000Z,-4.5,0,338,6.8,,
2026-02-21T14:00:00.000Z,-4.9,0,335,6.4,,
2026-02-21T15:00:00.000Z,-5,0,329,7.6,,
2026-02-21T16:00:00.000Z,-5.8,0,334,9,,
2026-02-21T17:00:00.000Z,-6.1,0,328,5.9,,
2026-02-21T18:00:00.000Z,-6.1,0,325,6.6,,
2026-02-21T19:00:00.000Z,-6.3,0,319,6.9,,
2026-02-21T20:00:00.000Z,-6,0,326,5.2,,
2026-02-21T21:00:00.000Z,-6.3,0,308,6.3,,
2026-02-21T22:00:00.000Z,-6.7,0,310,6.3,,
2026-02-21T23:00:00.000Z,-7,0,309,5.5,,
2026-02-22T00:00:00.000Z,-6.6,0,320,7.7,,
2026-02-22T01:00:00.000Z,-6.8,0,305,8.4,,
2026-02-22T02:00:00.000Z,-6.6,0,313,7.5,,
2026-02-22T03:00:00.000Z,-6.2,0,333,7,,
2026-02-22T04:00:00.000Z,-6,0,329,7.6,,
2026-02-22T05:00:00.000Z,-6.5,0,320,6.1,,
2026-02-22T06:00:00.000Z,-7.4,0,313,4.7,,
2026-02-22T07:00:00.000Z,-7.8,0,309,4.2,,
2026-02-22T08:00:00.000Z,-7.4,0,309,3.2,,
2026-02-22T09:00:00.000Z,-6.5,0,286,3.2,,
2026-02-22T10:00:00.000Z,-6,0,294,3.6,,
2026-02-22T11:00:00.000Z,-4.6,0,292,1.7,,
2026-02-22T12:00:00.000Z,-4.4,0,298,1.5,,
2026-02-22T13:00:00.000Z,-5.2,0,276,1.8,,
2026-02-22T14:00:00.000Z,-4.5,0,215,2,,
2026-02-22T15:00:00.000Z,-5.3,0,198,2.5,,
2026-02-22T16:00:00.000Z,-6.5,0,214,3.5,,
2026-02-22T17:00:00.000Z,-6.9,0,214,3.7,,
2026-02-22T18:00:00.000Z,-6.6,0,210,4.5,,
2026-02-22T19:00:00.000Z,-6.6,0,213,4.2,,
2026-02-22T20:00:00.000Z,-7,0,243,4.2,,
2026-02-22T21:00:00.000Z,-6.3,0,244,4.6,,
2026-02-22T22:00:00.000Z,-6.6,0,209,4.5,,
2026-02-22T23:00:00.000Z,-7.4,0,180,3.2,,
2026-02-23T00:00:00.000Z,-7.5,0.2,174,3.4,,
2026-02-23T01:00:00.000Z,-7.6,0.4,177,4,,
2026-02-23T02:00:00.000Z,-7.7,0.9,164,3.9,,
2026-02-23T03:00:00.000Z,-7.4,0.9,174,4.7,,
2026-02-23T04:00:00.000Z,-7.3,0.4,165,5.1,,
2026-02-23T05:00:00.000Z,-7.6,0.2,168,4.6,,
2026-02-23T06:00:00.000Z,-7.8,0.5,165,4.7,,
2026-02-23T07:00:00.000Z,-7.7,0.1,177,4.6,,
2026-02-23T08:00:00.000Z,-7.2,0.1,180,4.9,,
2026-02-23T09:00:00.000Z,-7.1,0,162,5.2,,
2026-02-23T10:00:00.000Z,-6.9,0,168,4.9,,
2026-02-23T11:00:00.000Z,-6.4,0,182,4.4,,
2026-02-23T12:00:00.000Z,-6.4,0,179,4.2,,
2026-02-23T13:00:00.000Z,-6.2,0,182,3.8,,
2026-02-23T14:00:00.000Z,-6.2,0.1,189,3.9,,
2026-02-23T15:00:00.000Z,-6,0.5,194,2.4,,
2026-02-23T16:00:00.000Z,-6.2,0.3,207,2.3,,
2026-02-23T17:00:00.000Z,-6.3,0.3,219,1.6,,
2026-02-23T18:00:00.000Z,-6.5,0.1,267,2.8,,
2026-02-23T19:00:00.000Z,-6.2,0,332,2.7,,
2026-02-23T20:00:00.000Z,-6.4,0,343,2.8,,
2026-02-23T21:00:00.000Z,-6.6,0,356,2.7,,
2026-02-23T22:00:00.000Z,-7,0,347,4.1,,
2026-02-23T23:00:00.000Z,-7.4,0.2,344,4.4,,
2026-02-24T00:00:00.000Z,-7.7,0,349,5,,
2026-02-24T01:00:00.000Z,-7.7,0,355,4.4,,
2026-02-24T02:00:00.000Z,-7.6,0,354,5,,
2026-02-24T03:00:00.000Z,-8.2,0,350,6.1,,
2026-02-24T04:00:00.000Z,-8.5,0,350,5.3,,
2026-02-24T05:00:00.000Z,-8.6,0.2,351,4.6,,
2026-02-24T06:00:00.000Z,-8.6,0.1,348,3.7,,
2026-02-24T07:00:00.000Z,-8.4,0,7,3.2,,
2026-02-24T08:00:00.000Z,-8.3,0,14,3.9,,
2026-02-24T09:00:00.000Z,-8.8,0,21,4.6,,
2026-02-24T10:00:00.000Z,-9.1,0,32,4.3,,
2026-02-24T11:00:00.000Z,-9.1,0,45,3.8,,
2026-02-24T12:00:00.000Z,-8.8,0,40,2.7,,
2026-02-24T13:00:00.000Z,-8.8,0,71,2.4,,
2026-02-24T14:00:00.000Z,-8.4,0,28,1.1,,
2026-02-24T15:00:00.000Z,-8.6,0,46,1.8,,
2026-02-24T16:00:00.000Z,-9.3,0,86,1,,
2026-02-24T17:00:00.000Z,-10.5,0,187,2,,
2026-02-24T18:00:00.000Z,-10.8,0,231,2.3,,
2026-02-24T19:00:00.000Z,-11.3,0,216,3.1,,
2026-02-24T20:00:00.000Z,-11.1,0,204,3.2,,
2026-02-24T21:00:00.000Z,-10.3,0,197,4.6,,
2026-02-24T22:00:00.000Z,-9.7,0,202,5.3,,
2026-02-24T23:00:00.000Z,-10,0,204,4.8,,
2026-02-25T00:00:00.000Z,-10,0,193,5.3,,
2026-02-25T01:00:00.000Z,-9.9,0,196,6,,
2026-02-25T02:00:00.000Z,-9.8,0,185,6,,
2026-02-25T03:00:00.000Z,-9.9,0,197,6.1,,
2026-02-25T04:00:00.000Z,-10,0,201,7.4,,
2026-02-25T05:00:00.000Z,-10.5,0.2,185,6.2,,
2026-02-25T06:00:00.000Z,-10.5,0.7,191,6.1,,
2026-02-25T07:00:00.000Z,-10.4,1,201,9.3,,
2026-02-25T08:00:00.000Z,-10.2,0.1,194,8.5,,
2026-02-25T09:00:00.000Z,-10,0,196,7.9,,
2026-02-25T10:00:00.000Z,-9.4,0.1,200,7.4,,
2026-02-25T11:00:00.000Z,-8.6,0.2,210,8.7,,
2026-02-25T12:00:00.000Z,-7.5,0.1,220,8.8,,
2026-02-25T13:00:00.000Z,-6.9,0.1,222,8.1,,
2026-02-25T14:00:00.000Z,-6.5,0.5,219,6.7,,
2026-02-25T15:00:00.000Z,-6.4,0.2,232,7.4,,
2026-02-25T16:00:00.000Z,-6.1,0,240,7.7,,
2026-02-25T17:00:00.000Z,-5.9,0,258,7.8,,
2026-02-25T18:00:00.000Z,-5.5,0,268,7,,
2026-02-25T19:00:00.000Z,-5.1,0,270,8.3,,
2026-02-25T20:00:00.000Z,-4.2,0.2,257,8.6,,
2026-02-25T21:00:00.000Z,-4.5,0,256,8.4,,
2026-02-25T22:00:00.000Z,-4.5,0.2,258,7.3,,
2026-02-25T23:00:00.000Z,-4.2,0.7,262,6.6,,
2026-02-26T00:00:00.000Z,-4.2,0.4,246,6.2,,
2026-02-26T01:00:00.000Z,-4.3,0,251,7.3,,
2026-02-26T02:00:00.000Z,-4.4,0,248,6.4,,
2026-02-26T03:00:00.000Z,-4.4,0,246,5.7,,
2026-02-26T04:00:00.000Z,-4.4,0,242,6.8,,
2026-02-26T05:00:00.000Z,-4.6,0,244,7,,
2026-02-26T06:00:00.000Z,-4.7,0,245,6.3,,
2026-02-26T07:00:00.000Z,-4.6,0,248,6.3,,
2026-02-26T08:00:00.000Z,-4.2,0,253,7.7,,
2026-02-26T09:00:00.000Z,-3.4,0,240,6.6,,
2026-02-26T10:00:00.000Z,-2.1,0,249,7.2,,
2026-02-26T11:00:00.000Z,-1.2,0,232,4.3,,
2026-02-26T12:00:00.000Z,-0.7,0,223,2,,
2026-02-26T13:00:00.000Z,-0.8,0,209,1.2,,
2026-02-26T14:00:00.000Z,-0.9,0,253,3.8,,
2026-02-26T15:00:00.000Z,-1.1,0.1,263,4.5,,
2026-02-26T16:00:00.000Z,-1.6,0.1,312,3.1,,
2026-02-26T17:00:00.000Z,-1.8,0,277,4.6,,
2026-02-26T18:00:00.000Z,-1.5,0,260,4.4,,
2026-02-26T19:00:00.000Z,-1.5,0,286,2.1,,
2026-02-26T20:00:00.000Z,-0.8,0,249,3.6,,
2026-02-26T21:00:00.000Z,-1,0,259,4.6,,
2026-02-26T22:00:00.000Z,-0.2,0,250,4.3,,
2026-02-26T23:00:00.000Z,-0.5,0,254,4.1,,
2026-02-27T00:00:00.000Z,0,0,238,5.4,,
2026-02-27T01:00:00.000Z,0.3,0,241,5.1,,
2026-02-27T02:00:00.000Z,0.5,0,230,5.6,,
2026-02-27T03:00:00.000Z,-0.3,0,220,7.5,,
2026-02-27T04:00:00.000Z,-0.2,0,219,4.9,,
2026-02-27T05:00:00.000Z,0.1,0,238,8.1,,
2026-02-27T06:00:00.000Z,0.3,0,239,4.5,,
2026-02-27T07:00:00.000Z,0.5,0,258,9.2,,
2026-02-27T08:00:00.000Z,0.5,0,258,9.3,,
2026-02-27T09:00:00.000Z,0.6,0,252,10.6,,
2026-02-27T10:00:00.000Z,0.7,0,254,10,,
2026-02-27T11:00:00.000Z,0.9,0,251,9.5,,
2026-02-27T12:00:00.000Z,1.7,0,254,10.5,,
2026-02-27T13:00:00.000Z,2.1,0,255,8.8,,
2026-02-27T14:00:00.000Z,2.3,0,254,6.9,,
2026-02-27T15:00:00.000Z,2.1,0,248,5.1,,
2026-02-27T16:00:00.000Z,1.1,0,223,3.3,,
2026-02-27T17:00:00.000Z,0.2,0,227,3.8,,
2026-02-27T18:00:00.000Z,0.4,0,248,6.2,,
2026-02-27T19:00:00.000Z,0.4,0,250,7,,
2026-02-27T20:00:00.000Z,0.1,0,248,7.1,,
2026-02-27T21:00:00.000Z,-0.4,0,256,8.2,,
2026-02-27T22:00:00.000Z,-1,0,266,7.8,,
2026-02-27T23:00:00.000Z,-1.1,0,266,6.5,,
2026-02-28T00:00:00.000Z,-2.1,0,291,3.2,,
2026-02-28T01:00:00.000Z,-1.5,0,315,5.5,,
2026-02-28T02:00:00.000Z,-1.8,0,310,6.1,,
2026-02-28T03:00:00.000Z,-2.3,0,318,4.1,,
2026-02-28T04:00:00.000Z,-3.6,0,282,3.4,,
2026-02-28T05:00:00.000Z,-3.6,0,309,3.3,,
2026-02-28T06:00:00.000Z,-3.7,0,326,2.3,,
2026-02-28T07:00:00.000Z,-3.2,0,275,2.5,,
2026-02-28T08:00:00.000Z,-1.7,0,239,1.9,,
2026-02-28T09:00:00.000Z,-2.2,0,231,2.9,,
2026-02-28T10:00:00.000Z,-0.2,0,254,3.4,,
2026-02-28T11:00:00.000Z,0.6,0,257,2.6,,
2026-02-28T12:00:00.000Z,1,0,239,3.1,,
2026-02-28T13:00:00.000Z,1,0,224,3.4,,
2026-02-28T14:00:00.000Z,0.3,0,280,2.7,,
2026-02-28T15:00:00.000Z,-0.8,0,297,2.7,,
2026-02-28T16:00:00.000Z,-1.8,0,269,2.3,,
2026-02-28T17:00:00.000Z,-2.7,0,349,0.8,,
2026-02-28T18:00:00.000Z,-2.1,0,37,1.5,,
2026-02-28T19:00:00.000Z,-2.5,0,61,0.9,,
2026-02-28T20:00:00.000Z,-3,0,63,1.3,,
2026-02-28T21:00:00.000Z,-2.6,0,24,1.9,,
2026-02-28T22:00:00.000Z,-2.9,0,17,2.3,,
2026-02-28T23:00:00.000Z,-2.7,0,26,1.7,,
2026-03-01T00:00:00.000Z,-2.9,0,55,1.6,,
2026-03-01T01:00:00.000Z,-3,0,87,1.7,,
2026-03-01T02:00:00.000Z,-3.2,0,91,1.4,,
2026-03-01T03:00:00.000Z,-3.4,0.1,121,3.3,,
2026-03-01T04:00:00.000Z,-3.3,0.1,118,3.7,,
2026-03-01T05:00:00.000Z,-4.5,1,102,2.1,,
2026-03-01T06:00:00.000Z,-4.7,1.1,88,2.5,,
2026-03-01T07:00:00.000Z,-5.1,0.4,25,2.4,,
2026-03-01T08:00:00.000Z,-4.7,0.8,52,3.1,,
2026-03-01T09:00:00.000Z,-4.6,0.5,47,3.5,,
2026-03-01T10:00:00.000Z,-4.4,0.3,39,3.5,,
2026-03-01T11:00:00.000Z,-4.2,0.3,50,3.6,,
2026-03-01T12:00:00.000Z,-4,0.1,43,3.6,,
2026-03-01T13:00:00.000Z,-3.9,0,20,3.1,,
2026-03-01T14:00:00.000Z,-3.8,0.1,14,2.8,,
2026-03-01T15:00:00.000Z,-3.8,0.1,360,3.3,,
2026-03-01T16:00:00.000Z,-4,0,5,2.5,,
2026-03-01T17:00:00.000Z,-4.2,0,359,2.8,,
2026-03-01T18:00:00.000Z,-4.4,0,344,2.4,,
2026-03-01T19:00:00.000Z,-5.5,0,341,2.5,,
2026-03-01T20:00:00.000Z,-6.1,0,323,2.3,,
2026-03-01T21:00:00.000Z,-5.9,0,300,3.1,,
2026-03-01T22:00:00.000Z,-6.2,0,298,2.8,,
2026-03-01T23:00:00.000Z,-6,0,291,3.6,,
2026-03-02T00:00:00.000Z,-6.3,0,285,3.6,,
2026-03-02T01:00:00.000Z,-6.9,0,277,3,,
2026-03-02T02:00:00.000Z,-6.3,0,268,2.9,,
2026-03-02T03:00:00.000Z,-6.2,0,254,3.3,,
2026-03-02T04:00:00.000Z,-5.8,0,254,3.5,,
2026-03-02T05:00:00.000Z,-6.1,0,254,4.7,,
2026-03-02T06:00:00.000Z,-6.7,0,248,4.1,,
2026-03-02T07:00:00.000Z,-6.1,0,247,3.7,,
2026-03-02T08:00:00.000Z,-4.4,0,220,2.5,,
2026-03-02T09:00:00.000Z,-3.8,0,199,4.3,,
2026-03-02T10:00:00.000Z,-3.4,0,199,4.7,,
2026-03-02T11:00:00.000Z,-3.5,0,187,5.2,,
2026-03-02T12:00:00.000Z,-3.9,0,192,4.5,,
2026-03-02T13:00:00.000Z,-4.3,0,211,4.1,,
2026-03-02T14:00:00.000Z,-4,0,201,7.1,,
2026-03-02T15:00:00.000Z,-3.7,0,203,7.7,,
2026-03-02T16:00:00.000Z,-3.3,0,204,7.6,,
2026-03-02T17:00:00.000Z,-3,0,215,7.1,,
2026-03-02T18:00:00.000Z,-2.6,0,197,7.6,,
2026-03-02T19:00:00.000Z,-2.2,0.4,208,8.3,,
2026-03-02T20:00:00.000Z,-1.6,0.5,214,8.2,,
2026-03-02T21:00:00.000Z,-1.1,0.1,206,8.1,,
2026-03-02T22:00:00.000Z,-0.5,0,212,7.6,,
2026-03-02T23:00:00.000Z,-0.6,0,216,7.1,,
2026-03-03T00:00:00.000Z,-0.3,0,217,7.7,,
2026-03-03T01:00:00.000Z,-0.2,0,205,3.3,,
2026-03-03T02:00:00.000Z,-0.1,0,225,5.6,,
2026-03-03T03:00:00.000Z,0,0,225,8.2,,
2026-03-03T04:00:00.000Z,0.7,0,235,7.2,,
2026-03-03T05:00:00.000Z,0.8,0,233,9,,
2026-03-03T06:00:00.000Z,1,0,230,7.8,,
2026-03-03T07:00:00.000Z,1,0,231,8.1,,
2026-03-03T08:00:00.000Z,1.5,0,230,7.8,,
2026-03-03T09:00:00.000Z,1.6,0,246,11.4,,
2026-03-03T10:00:00.000Z,2,0,248,10.1,,
2026-03-03T11:00:00.000Z,1.5,0,250,9.6,,
2026-03-03T12:00:00.000Z,-1.2,0.9,304,8.8,,
2026-03-03T13:00:00.000Z,0.3,0.2,289,8.2,,
2026-03-03T14:00:00.000Z,0.5,0,280,9.3,,
2026-03-03T15:00:00.000Z,0.2,0,276,9.6,,
2026-03-03T16:00:00.000Z,-0.3,0.1,278,10.2,,
2026-03-03T17:00:00.000Z,-0.5,0,276,9.6,,
2026-03-03T18:00:00.000Z,-1.1,0,266,7.3,,
2026-03-03T19:00:00.000Z,-1.6,0,266,10.2,,
2026-03-03T20:00:00.000Z,-1.9,0,267,10.2,,
2026-03-03T21:00:00.000Z,-2.2,0,268,8.3,,
2026-03-03T22:00:00.000Z,-2.5,0,270,10.3,,
2026-03-03T23:00:00.000Z,-2.3,0,283,12.6,,
2026-03-04T00:00:00.000Z,-2.1,0,282,11.6,,
2026-03-04T01:00:00.000Z,-2.4,0,276,12.9,,
2026-03-04T02:00:00.000Z,-2.2,0,279,15.4,,
2026-03-04T03:00:00.000Z,-2.3,0.2,286,17.4,,
2026-03-04T04:00:00.000Z,-2.2,0.4,292,17.3,,
2026-03-04T05:00:00.000Z,-1.9,0.1,287,16.8,,
2026-03-04T06:00:00.000Z,-1.8,0,291,13,,
2026-03-04T07:00:00.000Z,-1.5,0,291,13.2,,
2026-03-04T08:00:00.000Z,-0.9,0,303,14.3,,
2026-03-04T09:00:00.000Z,-0.4,0,302,14.3,,
2026-03-04T10:00:00.000Z,0,0,304,13.9,,
2026-03-04T11:00:00.000Z,0.7,0,314,10.8,,
2026-03-04T12:00:00.000Z,1.5,0,311,8.4,,
2026-03-04T13:00:00.000Z,1.6,0,309,8.4,,
2026-03-04T14:00:00.000Z,1.2,0,300,8.3,,
2026-03-04T15:00:00.000Z,1.4,0,297,7.1,,
2026-03-04T16:00:00.000Z,1,0,262,4.7,,
2026-03-04T17:00:00.000Z,1.2,0,281,8.8,,
2026-03-04T18:00:00.000Z,0.6,0,296,9.8,,
2026-03-04T19:00:00.000Z,0.1,0,284,8.3,,
2026-03-04T20:00:00.000Z,-0.3,0,288,6.8,,
2026-03-04T21:00:00.000Z,-0.4,0,310,3.5,,
2026-03-04T22:00:00.000Z,-0.7,0,290,5.9,,
2026-03-04T23:00:00.000Z,-1.2,0,281,5.4,,
2026-03-05T00:00:00.000Z,-0.8,0,297,6.2,,
2026-03-05T01:00:00.000Z,-1.4,0,301,3.8,,
2026-03-05T02:00:00.000Z,-1.3,0,293,2.3,,
2026-03-05T03:00:00.000Z,-1.5,0,337,1.8,,
2026-03-05T04:00:00.000Z,-1.6,0,3,0.6,,
2026-03-05T05:00:00.000Z,-1.6,0,150,1,,
2026-03-05T06:00:00.000Z,-2.1,0,245,3.3,,
2026-03-05T07:00:00.000Z,-0.4,0,257,5.2,,
2026-03-05T08:00:00.000Z,0.6,0,255,5,,
2026-03-05T09:00:00.000Z,0.7,0,253,5.1,,
2026-03-05T10:00:00.000Z,1.6,0,264,4.1,,
2026-03-05T11:00:00.000Z,2.5,0,272,3.8,,
2026-03-05T12:00:00.000Z,4.3,0,250,3.3,,
2026-03-05T13:00:00.000Z,4.7,0,255,3.4,,
2026-03-05T14:00:00.000Z,5.4,0,232,2.8,,
2026-03-05T15:00:00.000Z,4.8,0,237,2.9,,
2026-03-05T16:00:00.000Z,3.7,0,238,3.9,,
2026-03-05T17:00:00.000Z,2.8,0,218,3.4,,
2026-03-05T18:00:00.000Z,2.4,0,221,4.2,,
2026-03-05T19:00:00.000Z,3.4,0,225,5,,
2026-03-05T20:00:00.000Z,1.6,0,225,4.1,,
2026-03-05T21:00:00.000Z,1.7,0,240,4.4,,
2026-03-05T22:00:00.000Z,1.4,0,276,4.2,,
2026-03-05T23:00:00.000Z,1.4,0,272,5.3,,
2026-03-06T00:00:00.000Z,1.6,0,278,5,,
2026-03-06T01:00:00.000Z,3,0,258,3.8,,
2026-03-06T02:00:00.000Z,2.8,0,265,6,,
2026-03-06T03:00:00.000Z,2.6,0,269,5.4,,
2026-03-06T04:00:00.000Z,2.1,0,287,2.6,,
2026-03-06T05:00:00.000Z,2.1,0,276,3.5,,
2026-03-06T06:00:00.000Z,1.5,0,269,7.3,,
2026-03-06T07:00:00.000Z,1.8,0,272,6.6,,
2026-03-06T08:00:00.000Z,2.6,0,263,7.3,,
2026-03-06T09:00:00.000Z,3.9,0,272,4.8,,
2026-03-06T10:00:00.000Z,3.9,0,300,4.7,,
2026-03-06T11:00:00.000Z,3.5,0,301,4,,
2026-03-06T12:00:00.000Z,2.8,0,344,3.7,,
2026-03-06T13:00:00.000Z,2.1,0,333,3.3,,
2026-03-06T14:00:00.000Z,1.9,0,318,3.9,,
2026-03-06T15:00:00.000Z,1.6,0,324,3.7,,
2026-03-06T16:00:00.000Z,0.6,0,342,3.9,,
2026-03-06T17:00:00.000Z,-1.1,0,319,2.7,,
2026-03-06T18:00:00.000Z,-1.8,0,346,4.4,,
2026-03-06T19:00:00.000Z,-1.8,0,339,3.7,,
2026-03-06T20:00:00.000Z,-2.2,0,314,2.5,,
2026-03-06T21:00:00.000Z,-2.9,0,306,2.8,,
2026-03-06T22:00:00.000Z,-2.1,0,347,1.7,,
2026-03-06T23:00:00.000Z,-2.5,0,241,1.5,,
2026-03-07T00:00:00.000Z,-2.3,0,219,2.5,,
2026-03-07T01:00:00.000Z,-2.2,0,257,3.1,,
2026-03-07T02:00:00.000Z,-2.1,0,225,3.3,,
2026-03-07T03:00:00.000Z,-2.7,0,234,2.8,,
2026-03-07T04:00:00.000Z,-2.5,0,220,2.8,,
2026-03-07T05:00:00.000Z,-2.5,0,216,3.1,,
2026-03-07T06:00:00.000Z,-2.8,0,224,2.7,,
2026-03-07T07:00:00.000Z,-2,0,241,3,,
2026-03-07T08:00:00.000Z,-0.5,0,233,2.3,,
2026-03-07T09:00:00.000Z,-0.6,0,184,3.6,,
2026-03-07T10:00:00.000Z,0.9,0,226,3.4,,
2026-03-07T11:00:00.000Z,0.9,0,239,5.3,,
2026-03-07T12:00:00.000Z,1,0,255,4.3,,
2026-03-07T13:00:00.000Z,1.8,0,245,4.2,,
2026-03-07T14:00:00.000Z,2.1,0,217,2.8,,
2026-03-07T15:00:00.000Z,1.4,0,211,3.3,,
2026-03-07T16:00:00.000Z,-0.2,0,217,4.6,,
2026-03-07T17:00:00.000Z,-0.8,0,220,5.5,,
2026-03-07T18:00:00.000Z,-0.2,0,246,6.8,,
2026-03-07T19:00:00.000Z,-0.4,0,236,6.9,,
2026-03-07T20:00:00.000Z,-0.6,0,245,7.9,,
2026-03-07T21:00:00.000Z,-0.7,0,250,5.3,,
2026-03-07T22:00:00.000Z,-1,0,249,8.2,,
2026-03-07T23:00:00.000Z,-1.2,0,260,6.1,,
2026-03-08T00:00:00.000Z,-1.4,0,282,7.2,,
2026-03-08T01:00:00.000Z,-1.8,0,270,6.5,,
2026-03-08T02:00:00.000Z,-2.2,0,255,5.1,,
2026-03-08T03:00:00.000Z,-2,0,255,5,,
2026-03-08T04:00:00.000Z,-2.5,0,270,5.4,,
2026-03-08T05:00:00.000Z,-2.7,0,260,5.5,,
2026-03-08T06:00:00.000Z,-3,0,255,5,,
2026-03-08T07:00:00.000Z,-1.6,0,249,4.7,,
2026-03-08T08:00:00.000Z,-0.5,0,246,4.1,,
2026-03-08T09:00:00.000Z,0.6,0,249,4,,
2026-03-08T10:00:00.000Z,1.2,0,255,4.4,,
2026-03-08T11:00:00.000Z,1.4,0,251,4.7,,
2026-03-08T12:00:00.000Z,2.8,0,248,4.6,,
2026-03-08T13:00:00.000Z,2.7,0,239,5.9,,
2026-03-08T14:00:00.000Z,3.5,0,241,3.3,,
2026-03-08T15:00:00.000Z,2.8,0,205,3.9,,
2026-03-08T16:00:00.000Z,1.7,0,214,4.1,,
2026-03-08T17:00:00.000Z,0.2,0,222,3.4,,
2026-03-08T18:00:00.000Z,0,0,230,2.1,,
2026-03-08T19:00:00.000Z,0.2,0,219,3.8,,
2026-03-08T20:00:00.000Z,0.2,0,234,5.1,,
2026-03-08T21:00:00.000Z,-0.3,0,238,2.7,,
2026-03-08T22:00:00.000Z,-0.1,0,235,4.7,,
2026-03-08T23:00:00.000Z,0.3,0,228,4.9,,
2026-03-09T00:00:00.000Z,0.5,0,236,6.1,,
2026-03-09T01:00:00.000Z,-0.1,0,257,6.3,,
2026-03-09T02:00:00.000Z,-0.4,0,263,8,,
2026-03-09T03:00:00.000Z,-0.5,0,285,7,,
2026-03-09T04:00:00.000Z,-0.8,0,284,6.6,,
2026-03-09T05:00:00.000Z,-1.1,0,293,5.7,,
2026-03-09T06:00:00.000Z,-0.5,0,297,4.6,,
2026-03-09T07:00:00.000Z,0.5,0,295,3.7,,
2026-03-09T08:00:00.000Z,1.7,0,287,3.4,,
2026-03-09T09:00:00.000Z,2.4,0,278,3.9,,
2026-03-09T10:00:00.000Z,4,0,242,2.7,,
2026-03-09T11:00:00.000Z,4.6,0,240,2.4,,
2026-03-09T12:00:00.000Z,4.1,0,210,4,,
2026-03-09T13:00:00.000Z,3.9,0,217,4.9,,
2026-03-09T14:00:00.000Z,3.8,0,226,7,,
2026-03-09T15:00:00.000Z,2.5,0,251,7.3,,
2026-03-09T16:00:00.000Z,2,0,262,6.1,,
2026-03-09T17:00:00.000Z,1.2,0,253,6,,
2026-03-09T18:00:00.000Z,1.4,0,259,7.2,,
2026-03-09T19:00:00.000Z,1.9,0,265,6.3,,
2026-03-09T20:00:00.000Z,1,0,261,5.8,,
2026-03-09T21:00:00.000Z,1.2,0,253,7.9,,
2026-03-09T22:00:00.000Z,0.5,0,256,8.3,,
2026-03-09T23:00:00.000Z,0.1,0,258,5.4,,
2026-03-10T00:00:00.000Z,0.2,0,250,6.6,,
2026-03-10T01:00:00.000Z,0.2,0,247,6.5,,
2026-03-10T02:00:00.000Z,1.5,0,253,7.6,,
2026-03-10T03:00:00.000Z,1.4,0,249,7.8,,
2026-03-10T04:00:00.000Z,1.1,0,246,8.7,,
2026-03-10T05:00:00.000Z,1.3,0,251,8.2,,
2026-03-10T06:00:00.000Z,0.9,0,251,8.1,,
2026-03-10T07:00:00.000Z,1.9,0,238,6.9,,
2026-03-10T08:00:00.000Z,1.7,0,245,7.1,,
2026-03-10T09:00:00.000Z,2.8,0,247,7.7,,
2026-03-10T10:00:00.000Z,3.1,0,243,6.3,,
2026-03-10T11:00:00.000Z,3.3,0,247,6.9,,
2026-03-10T12:00:00.000Z,4.4,0,241,6.7,,
2026-03-10T13:00:00.000Z,4.9,0,240,5.8,,
2026-03-10T14:00:00.000Z,5.2,0,223,4.8,,
2026-03-10T15:00:00.000Z,3.7,0,206,5,,
2026-03-10T16:00:00.000Z,3.3,0,224,5,,
2026-03-10T17:00:00.000Z,2.3,0,224,5.2,,
2026-03-10T18:00:00.000Z,2.2,0,242,6.8,,
2026-03-10T19:00:00.000Z,1.3,0,233,6.1,,
2026-03-10T20:00:00.000Z,0.7,0,238,5.9,,
2026-03-10T21:00:00.000Z,0.2,0,245,7.3,,
2026-03-10T22:00:00.000Z,-0.3,0,250,8,,
2026-03-10T23:00:00.000Z,-0.3,0,253,8.4,,
2026-03-11T00:00:00.000Z,0.1,0,239,7.1,,
2026-03-11T01:00:00.000Z,-0.3,0,245,7,,
2026-03-11T02:00:00.000Z,-0.7,0,242,6.9,,
2026-03-11T03:00:00.000Z,-0.8,0,220,4.7,,
2026-03-11T04:00:00.000Z,-0.8,0,232,4.5,,
2026-03-11T05:00:00.000Z,-0.7,0,205,3.4,,
2026-03-11T06:00:00.000Z,-0.6,0,215,4.8,,
2026-03-11T07:00:00.000Z,-0.8,0,217,7.2,,
2026-03-11T08:00:00.000Z,-0.3,0,223,6.9,,
2026-03-11T09:00:00.000Z,0.4,0,221,8.6,,
2026-03-11T10:00:00.000Z,0.5,0,215,5.5,,
2026-03-11T11:00:00.000Z,0.9,0,211,7.7,,
2026-03-11T12:00:00.000Z,0.3,0,211,9.1,,
2026-03-11T13:00:00.000Z,0.7,0,213,8.6,,
2026-03-11T14:00:00.000Z,0.2,0,216,10,,
2026-03-11T15:00:00.000Z,0.1,0,216,8,,
2026-03-11T16:00:00.000Z,0.3,0,218,7.7,,
2026-03-11T17:00:00.000Z,0.4,0,225,7.8,,
2026-03-11T18:00:00.000Z,0.3,0,217,7.5,,
2026-03-11T19:00:00.000Z,0.1,0,216,6,,
2026-03-11T20:00:00.000Z,0.3,0,220,6.2,,
2026-03-11T21:00:00.000Z,0.1,0,225,6.6,,
2026-03-11T22:00:00.000Z,0.3,0,223,6.9,,
2026-03-11T23:00:00.000Z,-0.1,0,223,6.4,,
2026-03-12T00:00:00.000Z,-0.3,0,235,7.5,,
2026-03-12T01:00:00.000Z,-0.4,0,236,7.9,,
2026-03-12T02:00:00.000Z,-0.1,0,239,8.4,,
2026-03-12T03:00:00.000Z,-0.4,0,239,7.7,,
2026-03-12T04:00:00.000Z,-0.6,0,242,6.7,,
2026-03-12T05:00:00.000Z,-1.4,0,229,6.1,,
2026-03-12T06:00:00.000Z,-1.8,0,229,4.7,,
2026-03-12T07:00:00.000Z,-0.9,0,230,3.9,,
2026-03-12T08:00:00.000Z,-0.1,0,215,5.6,,
2026-03-12T09:00:00.000Z,0.7,0,199,5.4,,
2026-03-12T10:00:00.000Z,0.8,0,196,4.8,,
2026-03-12T11:00:00.000Z,2.3,0,202,5.3,,
2026-03-12T12:00:00.000Z,1.3,0,199,6.8,,
2026-03-12T13:00:00.000Z,1,0,183,4,,
2026-03-12T14:00:00.000Z,1,0,194,5.2,,
2026-03-12T15:00:00.000Z,0.9,0,205,10.7,,
2026-03-12T16:00:00.000Z,0.6,0,205,9.8,,
2026-03-12T17:00:00.000Z,0.8,0,209,11.8,,
2026-03-12T18:00:00.000Z,0.7,0,210,11.5,,
2026-03-12T19:00:00.000Z,0.2,0.1,205,10.9,,
2026-03-12T20:00:00.000Z,0.5,0.2,207,13.8,,
2026-03-12T21:00:00.000Z,0.9,0,200,11.5,,
2026-03-12T22:00:00.000Z,0.9,0.1,201,10.8,,
2026-03-12T23:00:00.000Z,0.4,0.2,197,10.5,,
2026-03-13T00:00:00.000Z,-0.1,0.4,201,10.5,,
2026-03-13T01:00:00.000Z,-0.3,0.5,198,7.4,,
2026-03-13T02:00:00.000Z,0,0.1,204,8,,
2026-03-13T03:00:00.000Z,0.3,0,205,8,,
2026-03-13T04:00:00.000Z,0.5,0,201,7.1,,
2026-03-13T05:00:00.000Z,0.6,0,197,8.7,,
2026-03-13T06:00:00.000Z,0.1,0.5,198,8.1,,
2026-03-13T07:00:00.000Z,0.2,0.2,198,7.5,,
2026-03-13T08:00:00.000Z,0.2,0.6,194,7.2,,
2026-03-13T09:00:00.000Z,0,0.2,191,7.6,,
2026-03-13T10:00:00.000Z,-0.2,1.1,192,8.6,,
2026-03-13T11:00:00.000Z,-0.1,0.7,195,8.9,,
2026-03-13T12:00:00.000Z,0,0.8,186,6.9,,
2026-03-13T13:00:00.000Z,0.4,0.4,176,7.4,,
2026-03-13T14:00:00.000Z,0.6,0.1,176,9.3,,
2026-03-13T15:00:00.000Z,0.7,0.1,181,9.8,,
2026-03-13T16:00:00.000Z,0,0.6,195,11.6,,
2026-03-13T17:00:00.000Z,-0.6,0.1,202,11,,
2026-03-13T18:00:00.000Z,-0.8,0.1,216,10.8,,
2026-03-13T19:00:00.000Z,-1.1,0,229,9.6,,
2026-03-13T20:00:00.000Z,-1.4,0,228,8.6,,
2026-03-13T21:00:00.000Z,-1.1,0,227,7.4,,
2026-03-13T22:00:00.000Z,-1.4,0,225,7.6,,
2026-03-13T23:00:00.000Z,-1.5,0,226,8.7,,
2026-03-14T00:00:00.000Z,-1.9,0,221,7.6,,
2026-03-14T01:00:00.000Z,-1.7,0,237,9.1,,
2026-03-14T02:00:00.000Z,-1.9,0,223,6.2,,
2026-03-14T03:00:00.000Z,-2.7,0,187,3.2,,
2026-03-14T04:00:00.000Z,-2.3,0,229,6.6,,
2026-03-14T05:00:00.000Z,-2.5,0,226,6.5,,
2026-03-14T06:00:00.000Z,-2.6,0,228,7.1,,
2026-03-14T07:00:00.000Z,-1.8,0,234,8.2,,
2026-03-14T08:00:00.000Z,-0.8,0,224,7.7,,
2026-03-14T09:00:00.000Z,-0.8,0,224,7.5,,
2026-03-14T10:00:00.000Z,-0.6,0,206,7.2,,
2026-03-14T11:00:00.000Z,0.1,0,207,5.7,,
2026-03-14T12:00:00.000Z,1,0,206,3.6,,
2026-03-14T13:00:00.000Z,0.6,0,207,4.9,,
2026-03-14T14:00:00.000Z,0.7,0,211,4,,
2026-03-14T15:00:00.000Z,0.3,0,207,3.8,,
2026-03-14T16:00:00.000Z,-0.3,0,224,4.9,,
2026-03-14T17:00:00.000Z,-1.1,0,215,5.7,,
2026-03-14T18:00:00.000Z,-1.3,0,221,4.1,,
2026-03-14T19:00:00.000Z,-2.3,0,205,4.3,,
2026-03-14T20:00:00.000Z,-2.6,0,234,4.4,,
2026-03-14T21:00:00.000Z,-2.8,0,221,3.8,,
2026-03-14T22:00:00.000Z,-2.8,0,247,5.6,,
2026-03-14T23:00:00.000Z,-2.8,0,242,6.2,,
2026-03-15T00:00:00.000Z,-2.8,0,256,6,,
2026-03-15T01:00:00.000Z,-2.9,0,262,6.4,,
2026-03-15T02:00:00.000Z,-3.1,0,256,5.1,,
2026-03-15T03:00:00.000Z,-3.3,0,263,5.5,,
2026-03-15T04:00:00.000Z,-3.3,0,262,4.9,,
2026-03-15T05:00:00.000Z,-3.6,0,255,5.1,,
2026-03-15T06:00:00.000Z,-3.5,0,258,5.6,,
2026-03-15T07:00:00.000Z,-3.2,0,259,6.1,,
2026-03-15T08:00:00.000Z,-2.5,0,257,6,,
2026-03-15T09:00:00.000Z,-1.9,0,281,5,,
2026-03-15T10:00:00.000Z,-0.6,0,249,4.2,,
2026-03-15T11:00:00.000Z,0.3,0,239,5.3,,
2026-03-15T12:00:00.000Z,1.1,0,227,5.4,,
2026-03-15T13:00:00.000Z,2,0,219,4.6,,
2026-03-15T14:00:00.000Z,2,0,198,4,,
2026-03-15T15:00:00.000Z,1,0,202,4.1,,
2026-03-15T16:00:00.000Z,0.2,0,210,6.5,,
2026-03-15T17:00:00.000Z,-1.2,0,214,6.5,,
2026-03-15T18:00:00.000Z,-1.8,0,210,5.1,,
2026-03-15T19:00:00.000Z,-2.5,0,222,7,,
2026-03-15T20:00:00.000Z,-3.2,0,214,6.5,,
2026-03-15T21:00:00.000Z,-3.3,0,208,6.7,,
2026-03-15T22:00:00.000Z,-2.6,0,213,5.9,,
2026-03-15T23:00:00.000Z,-2,0,204,7.4,,
2026-03-16T00:00:00.000Z,-1.6,0,207,7.2,,
2026-03-16T01:00:00.000Z,-1.5,0,208,8.6,,
2026-03-16T02:00:00.000Z,-1.4,0,200,7.4,,
2026-03-16T03:00:00.000Z,-1.3,0,196,7.4,,
2026-03-16T04:00:00.000Z,-1.2,0,197,5.7,,
2026-03-16T05:00:00.000Z,-1.3,0,197,6.6,,
2026-03-16T06:00:00.000Z,-1.5,0,201,7.4,,
2026-03-16T07:00:00.000Z,-1.6,0,192,6.4,,
2026-03-16T08:00:00.000Z,-1.3,0,197,5.9,,
2026-03-16T09:00:00.000Z,-0.9,0,195,6.5,,
2026-03-16T10:00:00.000Z,-0.7,0,191,6.1,,
2026-03-16T11:00:00.000Z,-0.6,0,190,6.3,,
2026-03-16T12:00:00.000Z,-0.3,0,187,6.4,,
2026-03-16T13:00:00.000Z,0,0,188,7,,
2026-03-16T14:00:00.000Z,-1,0,186,6.8,,
2026-03-16T15:00:00.000Z,-1.2,0.2,182,5.7,,
2026-03-16T16:00:00.000Z,-1.2,0,187,6,,
2026-03-16T17:00:00.000Z,-1.4,0.3,187,6.5,,
2026-03-16T18:00:00.000Z,-1.3,0.3,196,7.1,,
2026-03-16T19:00:00.000Z,-1.3,0.2,202,6.2,,
2026-03-16T20:00:00.000Z,-1.4,0.2,207,7.2,,
2026-03-16T21:00:00.000Z,-1.4,0,211,5.7,,
2026-03-16T22:00:00.000Z,-1.7,0,217,5.7,,
2026-03-16T23:00:00.000Z,-2,0,225,6.6,,
2026-03-17T00:00:00.000Z,-2,0,219,3.2,,
2026-03-17T01:00:00.000Z,-2,0,226,5.5,,
2026-03-17T02:00:00.000Z,-2.9,0,217,3.7,,
2026-03-17T03:00:00.000Z,-3.3,0,222,5.6,,
2026-03-17T04:00:00.000Z,-3.3,0,219,4.4,,
2026-03-17T05:00:00.000Z,-3.4,0,217,4.2,,
2026-03-17T06:00:00.000Z,-3.2,0,221,6.6,,
2026-03-17T07:00:00.000Z,-3.1,0,228,7.4,,
2026-03-17T08:00:00.000Z,-2.4,0,219,6.4,,
2026-03-17T09:00:00.000Z,-1.1,0,212,6.2,,
2026-03-17T10:00:00.000Z,0,0,209,7.7,,
2026-03-17T11:00:00.000Z,0.4,0,214,7.8,,
2026-03-17T12:00:00.000Z,0.6,0,214,9,,
2026-03-17T13:00:00.000Z,0.5,0,220,9,,
2026-03-17T14:00:00.000Z,0.7,0,217,10.8,,
2026-03-17T15:00:00.000Z,0.9,0,216,10.2,,
2026-03-17T16:00:00.000Z,0.9,0,231,11.8,,
2026-03-17T17:00:00.000Z,1.5,0,230,12.6,,
2026-03-17T18:00:00.000Z,1.9,0,236,13,,
2026-03-17T19:00:00.000Z,2.3,0,235,11.1,,
2026-03-17T20:00:00.000Z,2.2,0,232,10.3,,
2026-03-17T21:00:00.000Z,2.2,0,232,9.8,,
2026-03-17T22:00:00.000Z,2.3,0,224,10.2,,
2026-03-17T23:00:00.000Z,2.2,0,218,9.4,,
2026-03-18T00:00:00.000Z,2.2,0,224,8.7,,
2026-03-18T01:00:00.000Z,2.2,0,226,10.1,,
2026-03-18T02:00:00.000Z,2,0,228,10.3,,
2026-03-18T03:00:00.000Z,2.1,0,234,10,,
2026-03-18T04:00:00.000Z,2.1,0,225,5.2,,
2026-03-18T05:00:00.000Z,2.3,0,211,4.5,,
2026-03-18T06:00:00.000Z,2.4,0,217,4.7,,
2026-03-18T07:00:00.000Z,2.7,0,159,2,,
2026-03-18T08:00:00.000Z,2.8,0,229,2.9,,
2026-03-18T09:00:00.000Z,3.1,0,232,5.2,,
2026-03-18T10:00:00.000Z,4.2,0,,,,
2026-03-18T11:00:00.000Z,4.5,0,237,5.1,,
2026-03-18T12:00:00.000Z,5.8,0,226,3.1,,
2026-03-18T13:00:00.000Z,4.6,0,239,8.2,,
2026-03-18T14:00:00.000Z,4.5,0,231,8.3,,
2026-03-18T15:00:00.000Z,4,0,232,8.2,,
2026-03-18T16:00:00.000Z,3.9,0,225,7,,
2026-03-18T17:00:00.000Z,3.3,0,238,7.5,,
2026-03-18T18:00:00.000Z,3.4,0,246,8.3,,
2026-03-18T19:00:00.000Z,2.9,0,248,9.4,,
2026-03-18T20:00:00.000Z,2.8,0,254,9.6,,
2026-03-18T21:00:00.000Z,2.1,0,247,8.1,,
2026-03-18T22:00:00.000Z,2,0,261,7.5,,
2026-03-18T23:00:00.000Z,1.9,0,264,7.7,,
2026-03-19T00:00:00.000Z,1.7,0,262,6.9,,
2026-03-19T01:00:00.000Z,1.5,0,262,7.3,,
2026-03-19T02:00:00.000Z,1.4,0,273,9.3,,
2026-03-19T03:00:00.000Z,0.2,0,276,7.9,,
2026-03-19T04:00:00.000Z,0.1,0,274,10.4,,
2026-03-19T05:00:00.000Z,0,0,280,8.7,,
2026-03-19T06:00:00.000Z,0,0,281,10.6,,
2026-03-19T07:00:00.000Z,0.3,0,287,6.2,,
2026-03-19T08:00:00.000Z,1.3,0,300,6.2,,
2026-03-19T09:00:00.000Z,1.6,0,299,8,,
2026-03-19T10:00:00.000Z,2.3,0,305,5,,
2026-03-19T11:00:00.000Z,2.2,0,278,7.5,,
2026-03-19T12:00:00.000Z,2.3,0,298,6.7,,
2026-03-19T13:00:00.000Z,2.2,0,302,5.8,,
2026-03-19T14:00:00.000Z,1.3,0,298,7,,
2026-03-19T15:00:00.000Z,1.2,0,294,6.1,,
2026-03-19T16:00:00.000Z,0.7,0,295,4.9,,
2026-03-19T17:00:00.000Z,-0.1,0,287,5.2,,
2026-03-19T18:00:00.000Z,-0.7,0,294,6.1,,
2026-03-19T19:00:00.000Z,-1.2,0,269,6,,
2026-03-19T20:00:00.000Z,-1.4,0,279,5.1,,
2026-03-19T21:00:00.000Z,-1.6,0,287,4.3,,
2026-03-19T22:00:00.000Z,-1.3,0,275,5.4,,
2026-03-19T23:00:00.000Z,-1.4,0,268,3.9,,
2026-03-20T00:00:00.000Z,-0.6,0,279,4.4,,
2026-03-20T01:00:00.000Z,-0.2,0,271,3.6,,
2026-03-20T02:00:00.000Z,-0.6,0,265,4.3,,
2026-03-20T03:00:00.000Z,-0.4,0,257,3.5,,
2026-03-20T04:00:00.000Z,-0.5,0,261,4.9,,
2026-03-20T05:00:00.000Z,-0.6,0,256,5.4,,
2026-03-20T06:00:00.000Z,-0.6,0,268,3.2,,
2026-03-20T07:00:00.000Z,1.1,0,263,5.2,,
2026-03-20T08:00:00.000Z,1.2,0,258,4.8,,
2026-03-20T09:00:00.000Z,2.5,0,261,6.2,,
2026-03-20T10:00:00.000Z,3.2,0,252,5,,
2026-03-20T11:00:00.000Z,3.5,0,251,4.2,,
2026-03-20T12:00:00.000Z,3.8,0,247,4,,
2026-03-20T13:00:00.000Z,4.4,0,236,4.1,,
2026-03-20T14:00:00.000Z,5.6,0,224,3.7,,
2026-03-20T15:00:00.000Z,5.1,0,223,4.3,,
2026-03-20T16:00:00.000Z,4.6,0,237,4.5,,
2026-03-20T17:00:00.000Z,4.5,0,224,4.6,,
2026-03-20T18:00:00.000Z,4.3,0,214,3.4,,
2026-03-20T19:00:00.000Z,4.1,0,211,3.8,,
2026-03-20T20:00:00.000Z,3.5,0,242,5.2,,
2026-03-20T21:00:00.000Z,3,0,240,4.8,,
2026-03-20T22:00:00.000Z,2.9,0,251,7.1,,
2026-03-20T23:00:00.000Z,2.9,0,246,5.3,,
2026-03-21T00:00:00.000Z,2.1,0,245,5.6,,
2026-03-21T01:00:00.000Z,2.5,0,253,8.5,,
2026-03-21T02:00:00.000Z,2.6,0,252,7.8,,
2026-03-21T03:00:00.000Z,2.2,0,256,7.5,,
2026-03-21T04:00:00.000Z,2,0,245,7,,
2026-03-21T05:00:00.000Z,1.7,0,254,8.5,,
2026-03-21T06:00:00.000Z,1.5,0,248,7.2,,
2026-03-21T07:00:00.000Z,2.4,0,248,8.1,,
2026-03-21T08:00:00.000Z,3.8,0,247,6.3,,
2026-03-21T09:00:00.000Z,3.4,0,243,5.6,,
2026-03-21T10:00:00.000Z,4.7,0,255,5.9,,
2026-03-21T11:00:00.000Z,5.6,0,235,4.1,,
2026-03-21T12:00:00.000Z,7.3,0,242,4.2,,
2026-03-21T13:00:00.000Z,7.5,0,280,3.5,,
2026-03-21T14:00:00.000Z,7.4,0,247,4.2,,
2026-03-21T15:00:00.000Z,6.2,0,250,4.9,,
2026-03-21T16:00:00.000Z,5.5,0,236,2.2,,
2026-03-21T17:00:00.000Z,4.6,0,251,3,,
2026-03-21T18:00:00.000Z,4.1,0,231,2.1,,
2026-03-21T19:00:00.000Z,3.7,0,230,2.3,,
2026-03-21T20:00:00.000Z,2.8,0,205,1.2,,
2026-03-21T21:00:00.000Z,1,0,87,1.1,,
2026-03-21T22:00:00.000Z,0.5,0,129,2,,
2026-03-21T23:00:00.000Z,0.8,0,161,2,,
2026-03-22T00:00:00.000Z,0.3,0,203,2.6,,
2026-03-22T01:00:00.000Z,1.9,0,231,3.5,,
2026-03-22T02:00:00.000Z,1,0,226,3.8,,
2026-03-22T03:00:00.000Z,1,0,231,3.6,,
2026-03-22T04:00:00.000Z,0.7,0,241,3.4,,
2026-03-22T05:00:00.000Z,-0.1,0,236,5.4,,
2026-03-22T06:00:00.000Z,-0.3,0,229,5,,
2026-03-22T07:00:00.000Z,0.8,0,227,5.6,,
2026-03-22T08:00:00.000Z,2.1,0,235,6.5,,
2026-03-22T09:00:00.000Z,1.9,0,221,5.7,,
2026-03-22T10:00:00.000Z,2.5,0,221,6.7,,
2026-03-22T11:00:00.000Z,3.2,0,232,8.4,,
2026-03-22T12:00:00.000Z,2.8,0,230,8.4,,
2026-03-22T13:00:00.000Z,2.7,0,221,6.4,,
2026-03-22T14:00:00.000Z,2.8,0,221,7.5,,
2026-03-22T15:00:00.000Z,2.8,0,209,4.3,,
2026-03-22T16:00:00.000Z,2.8,0,197,6.3,,
2026-03-22T17:00:00.000Z,2.6,0,194,4.2,,
2026-03-22T18:00:00.000Z,2.9,0,231,4.2,,
2026-03-22T19:00:00.000Z,2.2,0,215,5.2,,
2026-03-22T20:00:00.000Z,1.5,0,238,6.9,,
2026-03-22T21:00:00.000Z,1.2,0,236,3.7,,
2026-03-22T22:00:00.000Z,0.1,0,349,2.2,,
2026-03-22T23:00:00.000Z,0.1,0,261,2.2,,
2026-03-23T00:00:00.000Z,-0.2,0,233,6.1,,
2026-03-23T01:00:00.000Z,-0.5,0,237,7.6,,
2026-03-23T02:00:00.000Z,-0.8,0,239,7,,
2026-03-23T03:00:00.000Z,-1.4,0,231,6,,
2026-03-23T04:00:00.000Z,-1.8,0,241,6.2,,
2026-03-23T05:00:00.000Z,-2.2,0,251,6.8,,
2026-03-23T06:00:00.000Z,-2,0,248,8.1,,
2026-03-23T07:00:00.000Z,-1.5,0,254,7.8,,
2026-03-23T08:00:00.000Z,-0.7,0,254,7.3,,
2026-03-23T09:00:00.000Z,-0.2,0,269,8.4,,
2026-03-23T10:00:00.000Z,0.7,0,268,7.5,,
2026-03-23T11:00:00.000Z,1,0,260,7.7,,
2026-03-23T12:00:00.000Z,0.2,0,275,8.7,,
2026-03-23T13:00:00.000Z,0.2,0,278,8.1,,
2026-03-23T14:00:00.000Z,-1.1,0,271,7.8,,
2026-03-23T15:00:00.000Z,-0.6,0,291,6.7,,
2026-03-23T16:00:00.000Z,-2.7,0,281,9.3,,
2026-03-23T17:00:00.000Z,-3.2,0,279,7.6,,
2026-03-23T18:00:00.000Z,-3.8,0,260,7.4,,
2026-03-23T19:00:00.000Z,-3.9,0,249,6.3,,
2026-03-23T20:00:00.000Z,-3.7,0,243,6.3,,
2026-03-23T21:00:00.000Z,-3.2,0,244,6.3,,
2026-03-23T22:00:00.000Z,-3.3,0,245,6.5,,
2026-03-23T23:00:00.000Z,-3.8,0,248,6.6,,
2026-03-24T00:00:00.000Z,-3.7,0,248,7.1,,
2026-03-24T01:00:00.000Z,-4.1,0,236,5.1,,
2026-03-24T02:00:00.000Z,-4.4,0,234,4.6,,
2026-03-24T03:00:00.000Z,-4.3,0,226,5.7,,
2026-03-24T04:00:00.000Z,-5.7,0,202,4.5,,
2026-03-24T05:00:00.000Z,-5.9,0,189,5.5,,
2026-03-24T06:00:00.000Z,-4.5,0,203,10.2,,
2026-03-24T07:00:00.000Z,-4.2,0,192,9,,
2026-03-24T08:00:00.000Z,-2.8,0,206,7.5,,
2026-03-24T09:00:00.000Z,-2,0,186,4,,
2026-03-24T10:00:00.000Z,-1,0,219,7.6,,
2026-03-24T11:00:00.000Z,-0.7,0,211,7.9,,
2026-03-24T12:00:00.000Z,-0.5,0,206,5.6,,
2026-03-24T13:00:00.000Z,0.2,0,213,7.4,,
2026-03-24T14:00:00.000Z,1.7,0,228,7.2,,
2026-03-24T15:00:00.000Z,1.9,0,236,8.7,,
2026-03-24T16:00:00.000Z,1.5,0,233,8.7,,
2026-03-24T17:00:00.000Z,1,0,224,8.7,,
2026-03-24T18:00:00.000Z,1,0,225,9.5,,
2026-03-24T19:00:00.000Z,0.5,0,223,7.5,,
2026-03-24T20:00:00.000Z,1,0,219,5.9,,
2026-03-24T21:00:00.000Z,1.3,0,231,7,,
2026-03-24T22:00:00.000Z,0.7,0,228,5.7,,
2026-03-24T23:00:00.000Z,0.4,0,245,7.6,,
2026-03-25T00:00:00.000Z,0,0,234,6.4,,
2026-03-25T01:00:00.000Z,-0.3,0,231,5.6,,
2026-03-25T02:00:00.000Z,-0.3,0,235,5.4,,
2026-03-25T03:00:00.000Z,-0.9,0,233,5.2,,
2026-03-25T04:00:00.000Z,-2,0,215,4.1,,
2026-03-25T05:00:00.000Z,-1.7,0,219,5.7,,
2026-03-25T06:00:00.000Z,-1.3,0,223,4.5,,
2026-03-25T07:00:00.000Z,-1.3,0,219,3.4,,
2026-03-25T08:00:00.000Z,-0.5,0,189,1.1,,
2026-03-25T09:00:00.000Z,-0.2,0,204,2.8,,
2026-03-25T10:00:00.000Z,0.7,0,210,2.5,,
2026-03-25T11:00:00.000Z,1,0,185,2.2,,
2026-03-25T12:00:00.000Z,1.2,0,109,2.2,,
2026-03-25T13:00:00.000Z,0.2,0.3,93,1.5,,
2026-03-25T14:00:00.000Z,-0.3,1.2,37,1.4,,
2026-03-25T15:00:00.000Z,-0.5,1.8,2,2.4,,
2026-03-25T16:00:00.000Z,-0.8,1.1,354,3.3,,
2026-03-25T17:00:00.000Z,-1.4,0.9,348,5,,
2026-03-25T18:00:00.000Z,-1.4,1.8,350,4.5,,
2026-03-25T19:00:00.000Z,-1.2,0.5,348,6.3,,
2026-03-25T20:00:00.000Z,-1.3,0.1,346,6.8,,
2026-03-25T21:00:00.000Z,-1.3,0.1,348,7.2,,
2026-03-25T22:00:00.000Z,-1.6,0,345,5.5,,
2026-03-25T23:00:00.000Z,-1.9,0,349,4.6,,
2026-03-26T00:00:00.000Z,-3.2,0,302,3.6,,
2026-03-26T01:00:00.000Z,-2.7,0,303,4.8,,
2026-03-26T02:00:00.000Z,-2.8,0,288,4.4,,
2026-03-26T03:00:00.000Z,-2.9,0,290,4.7,,
2026-03-26T04:00:00.000Z,-4.1,0,282,3.8,,
2026-03-26T05:00:00.000Z,-3.3,0,294,4.5,,
2026-03-26T06:00:00.000Z,-2.6,0,295,4.8,,
2026-03-26T07:00:00.000Z,-1.4,0,298,5.9,,
2026-03-26T08:00:00.000Z,-0.9,0,293,6.2,,
2026-03-26T09:00:00.000Z,-0.3,0,290,7.2,,
2026-03-26T10:00:00.000Z,0.7,0,289,7.3,,
2026-03-26T11:00:00.000Z,1.2,0,304,9.6,,
2026-03-26T12:00:00.000Z,0.7,0,290,8.1,,
2026-03-26T13:00:00.000Z,0.5,0,288,6.9,,
2026-03-26T14:00:00.000Z,0.1,0,290,7.7,,
2026-03-26T15:00:00.000Z,-0.2,0,294,9.1,,
2026-03-26T16:00:00.000Z,-0.5,0,288,8.8,,
2026-03-26T17:00:00.000Z,-1.1,0,280,8.8,,
2026-03-26T18:00:00.000Z,-0.9,0,275,7.5,,
2026-03-26T19:00:00.000Z,-1.4,0,287,6.5,,
2026-03-26T20:00:00.000Z,-2.1,0,292,5.1,,
2026-03-26T21:00:00.000Z,-2.1,0,300,5.4,,
2026-03-26T22:00:00.000Z,-2.4,0,298,6.2,,
2026-03-26T23:00:00.000Z,-2.8,0,284,5.7,,
2026-03-27T00:00:00.000Z,-2.8,0,310,6.1,,
2026-03-27T01:00:00.000Z,-2.8,0,310,4.6,,
2026-03-27T02:00:00.000Z,-3.3,0,306,3.9,,
2026-03-27T03:00:00.000Z,-3.1,0,318,4.5,,
2026-03-27T04:00:00.000Z,-4.1,0,322,3.7,,
2026-03-27T05:00:00.000Z,-4.6,0,308,3.3,,
2026-03-27T06:00:00.000Z,-2.6,0,325,2.9,,
2026-03-27T07:00:00.000Z,-1.9,0,279,0.5,,
2026-03-27T08:00:00.000Z,-0.5,0,214,1.4,,
2026-03-27T09:00:00.000Z,0,0,210,2.9,,
2026-03-27T10:00:00.000Z,0.7,0,187,4.4,,
2026-03-27T11:00:00.000Z,1.2,0,192,5.2,,
2026-03-27T12:00:00.000Z,2.7,0,215,5.2,,
2026-03-27T13:00:00.000Z,2.3,0,208,6.4,,
2026-03-27T14:00:00.000Z,1.7,0,206,5.8,,
2026-03-27T15:00:00.000Z,2.1,0,219,6.4,,
2026-03-27T16:00:00.000Z,1.6,0,210,8.3,,
2026-03-27T17:00:00.000Z,1.2,0,212,5.8,,
2026-03-27T18:00:00.000Z,0.6,0,225,6.6,,
2026-03-27T19:00:00.000Z,-0.1,0,227,6.2,,
2026-03-27T20:00:00.000Z,-0.6,0,212,6.3,,
2026-03-27T21:00:00.000Z,-1.5,0.1,222,5.8,,
2026-03-27T22:00:00.000Z,-1.5,0.2,223,4.5,,
2026-03-27T23:00:00.000Z,-2.1,0.2,191,2.9,,
2026-03-28T00:00:00.000Z,-2.3,0.5,200,4.6,,
2026-03-28T01:00:00.000Z,-2.2,0.2,222,6.3,,
2026-03-28T02:00:00.000Z,-2.1,0,221,3.4,,
2026-03-28T03:00:00.000Z,-2,0,232,4.9,,
2026-03-28T04:00:00.000Z,-2.1,0,227,5,,
2026-03-28T05:00:00.000Z,-2.4,0,229,5.1,,
2026-03-28T06:00:00.000Z,-1.8,0,228,5.9,,
2026-03-28T07:00:00.000Z,-1.1,0,231,5.6,,
2026-03-28T08:00:00.000Z,-0.3,0,225,5.5,,
2026-03-28T09:00:00.000Z,0.6,0,224,4.8,,
2026-03-28T10:00:00.000Z,1.4,0,208,4.2,,
2026-03-28T11:00:00.000Z,2.3,0,206,4.7,,
2026-03-28T12:00:00.000Z,2.7,0,217,4.5,,
2026-03-28T13:00:00.000Z,3.1,0,221,5.4,,
2026-03-28T14:00:00.000Z,3.5,0,229,4.8,,
2026-03-28T15:00:00.000Z,3.2,0,213,4.1,,
2026-03-28T16:00:00.000Z,1.9,0,208,4.5,,
2026-03-28T17:00:00.000Z,0.3,0,216,5.7,,
2026-03-28T18:00:00.000Z,-0.8,0,218,4.3,,
2026-03-28T19:00:00.000Z,-1,0,227,3.8,,
2026-03-28T20:00:00.000Z,-1.8,0,231,3.6,,
2026-03-28T21:00:00.000Z,-1.9,0,234,4.4,,
2026-03-28T22:00:00.000Z,-2,0,248,6.4,,
2026-03-28T23:00:00.000Z,-2.3,0,253,4.4,,
2026-03-29T00:00:00.000Z,-2.4,0,266,4.6,,
2026-03-29T01:00:00.000Z,-2.4,0,270,5.6,,
2026-03-29T02:00:00.000Z,-2.5,0,265,6,,
2026-03-29T03:00:00.000Z,-2.4,0,265,5,,
2026-03-29T04:00:00.000Z,-2.7,0,267,3.6,,
2026-03-29T05:00:00.000Z,-2.7,0,253,3.2,,
2026-03-29T06:00:00.000Z,-2.9,0,252,5.3,,
2026-03-29T07:00:00.000Z,-2.1,0,264,5.8,,
2026-03-29T08:00:00.000Z,-0.9,0,245,4.3,,
2026-03-29T09:00:00.000Z,-0.6,0,240,4.9,,
2026-03-29T10:00:00.000Z,0.7,0,244,4.4,,
2026-03-29T11:00:00.000Z,1.4,0,212,4.2,,
2026-03-29T12:00:00.000Z,3,0,229,3.4,,
2026-03-29T13:00:00.000Z,2.9,0,202,3.8,,
2026-03-29T14:00:00.000Z,2.4,0,204,4.3,,
2026-03-29T15:00:00.000Z,1.8,0,198,4.8,,
2026-03-29T16:00:00.000Z,1.1,0,213,4.8,,
2026-03-29T17:00:00.000Z,-0.7,0,210,4,,
2026-03-29T18:00:00.000Z,-1.3,0,202,4.4,,
2026-03-29T19:00:00.000Z,-1.4,0,200,5,,
2026-03-29T20:00:00.000Z,-1.4,0,185,4.8,,
2026-03-29T21:00:00.000Z,-1.5,0,200,6.1,,
2026-03-29T22:00:00.000Z,-1.8,0,207,5.8,,
2026-03-29T23:00:00.000Z,-1.5,0,194,5.3,,
2026-03-30T00:00:00.000Z,-1.9,0,189,7.3,,
2026-03-30T01:00:00.000Z,-2.4,0,205,7.4,,
2026-03-30T02:00:00.000Z,-2.5,0,209,6.7,,
2026-03-30T03:00:00.000Z,-2.5,0,202,6.5,,
2026-03-30T04:00:00.000Z,-2.7,0.3,198,5.9,,
2026-03-30T05:00:00.000Z,-2.7,0.2,197,6.4,,
2026-03-30T06:00:00.000Z,-2.7,0.1,188,4.1,,
2026-03-30T07:00:00.000Z,-2.5,0.3,185,5,,
2026-03-30T08:00:00.000Z,-1.9,0.3,181,5.1,,
2026-03-30T09:00:00.000Z,-1.5,0.4,181,4.4,,
2026-03-30T10:00:00.000Z,-0.6,0.2,186,4.7,,
2026-03-30T11:00:00.000Z,-0.1,0,183,3.5,,
2026-03-30T12:00:00.000Z,0,0,188,3.7,,
2026-03-30T13:00:00.000Z,-0.3,0.1,180,4.2,,
2026-03-30T14:00:00.000Z,-0.3,0.2,193,4.1,,
2026-03-30T15:00:00.000Z,-0.6,0.3,186,2.8,,
2026-03-30T16:00:00.000Z,-1,0.1,184,3.5,,
2026-03-30T17:00:00.000Z,-1,0.2,167,4,,
2026-03-30T18:00:00.000Z,-1,0.5,157,3.5,,
2026-03-30T19:00:00.000Z,-1.2,0.6,154,3.4,,
2026-03-30T20:00:00.000Z,-1.5,0.7,142,2.9,,
2026-03-30T21:00:00.000Z,-1.5,0.5,148,2.8,,
2026-03-30T22:00:00.000Z,-1.6,0.1,146,2.4,,
2026-03-30T23:00:00.000Z,-1.7,0.2,157,1.7,,
2026-03-31T00:00:00.000Z,-1.6,0.1,186,2.4,,
2026-03-31T01:00:00.000Z,-2,0,207,1.4,,
2026-03-31T02:00:00.000Z,-2.6,0.1,314,0.7,,
2026-03-31T03:00:00.000Z,-2.3,0,341,1.9,,
2026-03-31T04:00:00.000Z,-2,0,356,2.8,,
2026-03-31T05:00:00.000Z,-1.8,0,351,3.7,,
2026-03-31T06:00:00.000Z,-1.6,0.3,349,3.1,,
2026-03-31T07:00:00.000Z,-1.8,0.2,346,3.3,,
2026-03-31T08:00:00.000Z,-1.4,0.1,343,3.2,,
2026-03-31T09:00:00.000Z,-1.5,0,319,3.6,,
2026-03-31T10:00:00.000Z,-0.8,0,336,2.8,,
2026-03-31T11:00:00.000Z,-0.2,0,340,3.5,,
2026-03-31T12:00:00.000Z,1,0,335,1.8,,
2026-03-31T13:00:00.000Z,2.2,0,299,3.8,,
2026-03-31T14:00:00.000Z,2.6,0,301,2.9,,
2026-03-31T15:00:00.000Z,3.5,0,277,2.4,,
2026-03-31T16:00:00.000Z,3.6,0,265,2.3,,
2026-03-31T17:00:00.000Z,1.7,0,266,2.9,,
2026-03-31T18:00:00.000Z,0.1,0,249,3.1,,
2026-03-31T19:00:00.000Z,0.2,0,229,2.9,,
2026-03-31T20:00:00.000Z,0.9,0,225,4.7,,
2026-03-31T21:00:00.000Z,1.2,0,207,5.8,,
2026-03-31T22:00:00.000Z,1.2,0,215,7.3,,
2026-03-31T23:00:00.000Z,1.1,0,220,5.2,,
2026-04-01T00:00:00.000Z,1.4,0,241,7.1,,
2026-04-01T01:00:00.000Z,1.7,0,254,9.7,,
2026-04-01T02:00:00.000Z,1.9,0,253,6.7,,
2026-04-01T03:00:00.000Z,1.8,0,255,6.9,,
2026-04-01T04:00:00.000Z,1.9,0,248,7.5,,
2026-04-01T05:00:00.000Z,2.7,0,256,8,,
2026-04-01T06:00:00.000Z,2.4,0,240,6.8,,
2026-04-01T07:00:00.000Z,2.5,0,261,8.6,,
2026-04-01T08:00:00.000Z,2.9,0,249,8.9,,
2026-04-01T09:00:00.000Z,3.9,0,210,4.3,,
2026-04-01T10:00:00.000Z,5.4,0,246,6.2,,
2026-04-01T11:00:00.000Z,5.8,0,243,7.2,,
2026-04-01T12:00:00.000Z,7.1,0,227,6.9,,
2026-04-01T13:00:00.000Z,8,0,216,3.7,,
2026-04-01T14:00:00.000Z,7.4,0,206,5.3,,
2026-04-01T15:00:00.000Z,6.9,0,207,4.9,,
2026-04-01T16:00:00.000Z,7,0,238,5.2,,
2026-04-01T17:00:00.000Z,5.5,0,233,5,,
2026-04-01T18:00:00.000Z,5.1,0,215,4.5,,
2026-04-01T19:00:00.000Z,5.1,0,224,3.7,,
2026-04-01T20:00:00.000Z,-0.3,0,18,4.4,,
2026-04-01T21:00:00.000Z,-1.1,0,16,4,,
2026-04-01T22:00:00.000Z,-1.5,0,25,3.4,,
2026-04-01T23:00:00.000Z,-2.1,0.2,23,4.8,,
2026-04-02T00:00:00.000Z,-2.5,0.4,16,4.3,,
2026-04-02T01:00:00.000Z,-2.9,0.2,19,4.4,,
2026-04-02T02:00:00.000Z,-3,0,16,3.8,,
2026-04-02T03:00:00.000Z,-3.3,0.1,17,4.3,,
2026-04-02T04:00:00.000Z,-3.5,0.2,18,3.4,,
2026-04-02T05:00:00.000Z,-3.6,0.1,16,3.1,,
2026-04-02T06:00:00.000Z,-3.5,0.4,13,3.2,,
2026-04-02T07:00:00.000Z,-3.4,0.3,9,2.2,,
2026-04-02T08:00:00.000Z,-2.9,0.3,9,2.2,,
2026-04-02T09:00:00.000Z,-2.8,0.1,349,3.7,,
2026-04-02T10:00:00.000Z,-3,0,336,2.7,,
2026-04-02T11:00:00.000Z,-2.6,0,349,2.3,,
2026-04-02T12:00:00.000Z,-2.3,0,339,3.2,,
2026-04-02T13:00:00.000Z,-2.1,0,342,4,,
2026-04-02T14:00:00.000Z,-1.9,0,337,3.8,,
2026-04-02T15:00:00.000Z,-1.6,0,351,3.7,,
2026-04-02T16:00:00.000Z,-2.1,0,344,4.2,,
2026-04-02T17:00:00.000Z,-2.8,0,339,4.4,,
2026-04-02T18:00:00.000Z,-4.3,0,332,2.9,,
2026-04-02T19:00:00.000Z,-4.9,0,332,3.1,,
2026-04-02T20:00:00.000Z,-5.3,0,334,3.1,,
2026-04-02T21:00:00.000Z,-5.6,0,330,3.2,,
2026-04-02T22:00:00.000Z,-5.9,0,335,3.4,,
2026-04-02T23:00:00.000Z,-5.4,0,347,3.6,,
2026-04-03T00:00:00.000Z,-5.8,0,343,3.6,,
2026-04-03T01:00:00.000Z,-5.9,0,357,3.9,,
2026-04-03T02:00:00.000Z,-6,0,354,3.4,,
2026-04-03T03:00:00.000Z,-6.3,0,355,3.2,,
2026-04-03T04:00:00.000Z,-6.7,0,351,3.6,,
2026-04-03T05:00:00.000Z,-6.2,0,352,3.5,,
2026-04-03T06:00:00.000Z,-4.8,0,6,2.7,,
2026-04-03T07:00:00.000Z,-4.1,0,18,2.5,,
2026-04-03T08:00:00.000Z,-3.8,0,24,2.3,,
2026-04-03T09:00:00.000Z,-1.6,0,107,0.8,,
2026-04-03T10:00:00.000Z,-1.6,0,80,1.7,,
2026-04-03T11:00:00.000Z,0.3,0,135,1.5,,
2026-04-03T12:00:00.000Z,0.8,0,186,2.1,,
2026-04-03T13:00:00.000Z,1,0,185,2.4,,
2026-04-03T14:00:00.000Z,1.1,0,181,3.9,,
2026-04-03T15:00:00.000Z,0.8,0,161,3.6,,
2026-04-03T16:00:00.000Z,0.8,0,180,3,,
2026-04-03T17:00:00.000Z,-0.6,0,197,3.7,,
2026-04-03T18:00:00.000Z,-2,0,182,2.7,,
2026-04-03T19:00:00.000Z,-1.7,0,185,3,,
2026-04-03T20:00:00.000Z,-1.5,0,187,3.2,,
2026-04-03T21:00:00.000Z,-1.6,0,176,4.4,,
2026-04-03T22:00:00.000Z,-1.7,0,164,4.2,,
2026-04-03T23:00:00.000Z,-1.8,0,160,4.1,,
2026-04-04T00:00:00.000Z,-2.2,0,158,5.1,,
2026-04-04T01:00:00.000Z,-2.4,0,157,4.2,,
2026-04-04T02:00:00.000Z,-2.6,0,155,4.9,,
2026-04-04T03:00:00.000Z,-3.1,0.3,144,3.8,,
2026-04-04T04:00:00.000Z,-3.2,0.8,137,3.9,,
2026-04-04T05:00:00.000Z,-3.3,1,123,3.7,,
2026-04-04T06:00:00.000Z,-3.5,1.1,130,4,,
2026-04-04T07:00:00.000Z,-3.4,1,138,3.5,,
2026-04-04T08:00:00.000Z,-3.4,1,122,3.6,,
2026-04-04T09:00:00.000Z,-3.4,0.9,127,3.5,,
2026-04-04T10:00:00.000Z,-3,0.7,120,3.2,,
2026-04-04T11:00:00.000Z,-2.4,0.6,120,1.9,,
2026-04-04T12:00:00.000Z,-2,0.6,110,1.6,,
2026-04-04T13:00:00.000Z,-1.7,0.3,136,1.4,,
2026-04-04T14:00:00.000Z,-1.1,0.3,153,1.1,,
2026-04-04T15:00:00.000Z,-1.1,0.1,272,1.7,,
2026-04-04T16:00:00.000Z,-1.2,0.1,278,3.2,,
2026-04-04T17:00:00.000Z,-1.4,0,291,4.3,,
2026-04-04T18:00:00.000Z,-2.2,0,311,2.8,,
2026-04-04T19:00:00.000Z,-3,0,303,2.6,,
2026-04-04T20:00:00.000Z,-3.3,0,258,3.6,,
2026-04-04T21:00:00.000Z,-2.2,0,257,3.5,,
2026-04-04T22:00:00.000Z,-2.4,0,255,4.5,,
2026-04-04T23:00:00.000Z,-2.7,0,259,4.6,,
2026-04-05T00:00:00.000Z,-3.4,0,264,5.7,,
2026-04-05T01:00:00.000Z,-3.9,0,263,3.3,,
2026-04-05T02:00:00.000Z,-4.4,0,247,3.1,,
2026-04-05T03:00:00.000Z,-4.8,0,211,3.2,,
2026-04-05T04:00:00.000Z,-4.6,0,181,2.9,,
2026-04-05T05:00:00.000Z,-4.4,0,189,3.2,,
2026-04-05T06:00:00.000Z,-4.4,0,192,4.8,,
2026-04-05T07:00:00.000Z,-4.1,0,179,4.1,,
2026-04-05T08:00:00.000Z,-4.2,0,162,3.7,,
2026-04-05T09:00:00.000Z,-3.3,0,161,5.4,,
2026-04-05T10:00:00.000Z,-3.4,0,150,5.4,,
2026-04-05T11:00:00.000Z,-4,0.2,131,6,,
2026-04-05T12:00:00.000Z,-4,1.7,132,6.3,,
2026-04-05T13:00:00.000Z,-3.5,1.6,126,5.7,,
2026-04-05T14:00:00.000Z,-3.5,0.4,125,5.8,,
2026-04-05T15:00:00.000Z,-3.3,0.2,117,4.2,,
2026-04-05T16:00:00.000Z,-3.3,0.3,113,4.2,,
2026-04-05T17:00:00.000Z,-3.3,0.3,98,3.2,,
2026-04-05T18:00:00.000Z,-3.4,0.6,54,2.4,,
2026-04-05T19:00:00.000Z,-3.4,0.7,7,2.3,,
2026-04-05T20:00:00.000Z,-3.6,1,359,3.6,,
2026-04-05T21:00:00.000Z,-3.7,0.7,346,3.9,,
2026-04-05T22:00:00.000Z,-3.9,0.4,341,5.8,,
2026-04-05T23:00:00.000Z,-3.9,0.1,343,6.7,,
2026-04-06T00:00:00.000Z,-4.1,0.1,339,7,,
2026-04-06T01:00:00.000Z,-4.3,0,334,6.7,,
2026-04-06T02:00:00.000Z,-4.5,0,335,7.8,,
2026-04-06T03:00:00.000Z,-4.3,0,334,7.2,,
2026-04-06T04:00:00.000Z,-4.2,0,334,6.7,,
2026-04-06T05:00:00.000Z,-3.7,0.1,341,7.6,,
2026-04-06T06:00:00.000Z,-3.3,0.1,345,9.3,,
2026-04-06T07:00:00.000Z,-2.9,0.1,347,9.7,,
2026-04-06T08:00:00.000Z,-2.5,0,342,9.3,,
2026-04-06T09:00:00.000Z,-1.3,0,339,10,,
2026-04-06T10:00:00.000Z,-0.8,0,335,8.5,,
2026-04-06T11:00:00.000Z,-0.1,0,338,8.5,,
2026-04-06T12:00:00.000Z,0.6,0,332,9.1,,
2026-04-06T13:00:00.000Z,1,0,326,7.7,,
2026-04-06T14:00:00.000Z,1.1,0,328,7.6,,
2026-04-06T15:00:00.000Z,1,0,325,7.8,,
2026-04-06T16:00:00.000Z,-0.2,0,315,8,,
2026-04-06T17:00:00.000Z,-0.3,0,319,10.8,,
2026-04-06T18:00:00.000Z,-1.2,0,312,8.8,,
2026-04-06T19:00:00.000Z,-1.9,0,325,9.6,,
2026-04-06T20:00:00.000Z,-2.4,0,333,8.4,,
2026-04-06T21:00:00.000Z,-2.4,0,330,10.9,,
2026-04-06T22:00:00.000Z,-2.4,0,328,9,,
2026-04-06T23:00:00.000Z,-3.2,0,325,9.7,,
2026-04-07T00:00:00.000Z,-3,0,329,9.2,,
2026-04-07T01:00:00.000Z,-2.9,0,337,8.2,,
2026-04-07T02:00:00.000Z,-3,0,334,8.6,,
2026-04-07T03:00:00.000Z,-3.3,0,328,8.1,,
2026-04-07T04:00:00.000Z,-2.8,0,334,7.5,,
2026-04-07T05:00:00.000Z,-2.7,0,330,6.7,,
2026-04-07T06:00:00.000Z,-1.3,0,340,6.3,,
2026-04-07T07:00:00.000Z,-0.4,0,350,5.2,,
2026-04-07T08:00:00.000Z,0,0,349,4.8,,
2026-04-07T09:00:00.000Z,1.3,0,8,4.9,,
2026-04-07T10:00:00.000Z,1.6,0,358,4.6,,
2026-04-07T11:00:00.000Z,2.4,0,355,4.4,,
2026-04-07T12:00:00.000Z,2.8,0,340,4.3,,
2026-04-07T13:00:00.000Z,3.2,0,347,3.7,,
2026-04-07T14:00:00.000Z,3.6,0,352,4.3,,
2026-04-07T15:00:00.000Z,3.1,0,354,3.8,,
2026-04-07T16:00:00.000Z,2.5,0,15,2,,
2026-04-07T17:00:00.000Z,2.6,0,17,2.4,,
2026-04-07T18:00:00.000Z,1.5,0,352,2.7,,
2026-04-07T19:00:00.000Z,0.9,0,358,2.9,,
2026-04-07T20:00:00.000Z,-0.3,0,339,3,,
2026-04-07T21:00:00.000Z,-0.2,0,8,3,,
2026-04-07T22:00:00.000Z,-0.8,0,21,2.2,,
2026-04-07T23:00:00.000Z,-0.7,0,107,1.8,,
2026-04-08T00:00:00.000Z,-1.1,0,118,1.6,,
2026-04-08T01:00:00.000Z,-1.9,0,84,1.3,,
2026-04-08T02:00:00.000Z,-2.1,0,179,1.5,,
2026-04-08T03:00:00.000Z,-2.1,0,166,1.8,,
2026-04-08T04:00:00.000Z,-2.8,0,169,1.7,,
2026-04-08T05:00:00.000Z,-2.1,0,181,2.3,,
2026-04-08T06:00:00.000Z,-1.1,0,175,2.3,,
2026-04-08T07:00:00.000Z,0.2,0,164,3.1,,
2026-04-08T08:00:00.000Z,1.4,0,160,4.5,,
2026-04-08T09:00:00.000Z,2.9,0,178,4,,
2026-04-08T10:00:00.000Z,3.1,0,169,4.7,,
2026-04-08T11:00:00.000Z,3,0,170,4.9,,
2026-04-08T12:00:00.000Z,3.4,0,188,5.4,,
2026-04-08T13:00:00.000Z,3.9,0,161,4.6,,
2026-04-08T14:00:00.000Z,4.1,0,161,5.1,,
2026-04-08T15:00:00.000Z,4,0,162,5.4,,
2026-04-08T16:00:00.000Z,3.5,0,166,5.6,,
2026-04-08T17:00:00.000Z,2.7,0,165,4.4,,
2026-04-08T18:00:00.000Z,1.5,0,168,4.1,,
2026-04-08T19:00:00.000Z,0.6,0,176,4.5,,
2026-04-08T20:00:00.000Z,0.3,0,177,4.8,,
2026-04-08T21:00:00.000Z,-0.3,0,175,4.6,,
2026-04-08T22:00:00.000Z,-0.4,0,185,5.3,,
2026-04-08T23:00:00.000Z,-0.5,0,189,5.8,,
2026-04-09T00:00:00.000Z,-0.8,0,197,6.3,,
2026-04-09T01:00:00.000Z,-0.9,0,194,7,,
2026-04-09T02:00:00.000Z,-1.7,0,199,6.9,,
2026-04-09T03:00:00.000Z,-1.9,0,200,6.8,,
2026-04-09T04:00:00.000Z,-2.5,0,194,6.3,,
2026-04-09T05:00:00.000Z,-2,0,190,5,,
2026-04-09T06:00:00.000Z,-0.9,0,195,7.5,,
2026-04-09T07:00:00.000Z,-0.5,0,194,8.1,,
2026-04-09T08:00:00.000Z,0.2,0,194,6.3,,
2026-04-09T09:00:00.000Z,0.9,0,188,6,,
2026-04-09T10:00:00.000Z,2,0,194,6,,
2026-04-09T11:00:00.000Z,2.4,0,204,6.2,,
2026-04-09T12:00:00.000Z,3.1,0,197,7,,
2026-04-09T13:00:00.000Z,4.4,0,202,8.5,,
2026-04-09T14:00:00.000Z,5.3,0,205,6.5,,
2026-04-09T15:00:00.000Z,5.1,0,196,5.5,,
2026-04-09T16:00:00.000Z,5,0,191,4.4,,
2026-04-09T17:00:00.000Z,4.3,0,187,5.3,,
2026-04-09T18:00:00.000Z,2.9,0,186,4.4,,
2026-04-09T19:00:00.000Z,2.1,0,187,4.6,,
2026-04-09T20:00:00.000Z,1.5,0,191,5.5,,
2026-04-09T21:00:00.000Z,0.8,0,196,6.6,,
2026-04-09T22:00:00.000Z,-0.2,0,197,5.9,,
2026-04-09T23:00:00.000Z,-0.7,0,202,6.8,,
2026-04-10T00:00:00.000Z,-1.4,0,193,5.3,,
2026-04-10T01:00:00.000Z,-2.5,0,189,5.6,,
2026-04-10T02:00:00.000Z,-3,0,205,5.8,,
2026-04-10T03:00:00.000Z,-3.5,0,203,6.1,,
2026-04-10T04:00:00.000Z,-4.1,0,202,5.3,,
2026-04-10T05:00:00.000Z,-4.1,0,211,6.1,,
2026-04-10T06:00:00.000Z,-3.1,0,181,4.1,,
2026-04-10T07:00:00.000Z,-2,0,176,3.8,,
2026-04-10T08:00:00.000Z,-1.3,0,177,4.4,,
2026-04-10T09:00:00.000Z,0.7,0,177,4.2,,
2026-04-10T10:00:00.000Z,1.3,0,183,4.6,,
2026-04-10T11:00:00.000Z,2.3,0,175,4.2,,
2026-04-10T12:00:00.000Z,2.8,0,176,4.5,,
2026-04-10T13:00:00.000Z,3.3,0,154,4.6,,
2026-04-10T14:00:00.000Z,3.5,0,150,4.6,,
2026-04-10T15:00:00.000Z,3.5,0,147,5,,
2026-04-10T16:00:00.000Z,3.4,0,137,4.7,,
2026-04-10T17:00:00.000Z,2.9,0,152,5.9,,
2026-04-10T18:00:00.000Z,1.8,0,161,4.3,,
2026-04-10T19:00:00.000Z,0.7,0,173,4.3,,
2026-04-10T20:00:00.000Z,-1,0,178,3.6,,
2026-04-10T21:00:00.000Z,-1.8,0,187,3.7,,
2026-04-10T22:00:00.000Z,-2.6,0,185,3.7,,
2026-04-10T23:00:00.000Z,-2.7,0,206,3.3,,
2026-04-11T00:00:00.000Z,-2.8,0,211,3.5,,
2026-04-11T01:00:00.000Z,-2.7,0,208,3.1,,
2026-04-11T02:00:00.000Z,-2.8,0,200,3.8,,
2026-04-11T03:00:00.000Z,-2.9,0,209,3.6,,
2026-04-11T04:00:00.000Z,-3,0,193,3.1,,
2026-04-11T05:00:00.000Z,-2.9,0,186,2.6,,
2026-04-11T06:00:00.000Z,-1.6,0,169,3.1,,
2026-04-11T07:00:00.000Z,-0.6,0,159,4,,
2026-04-11T08:00:00.000Z,0.3,0,154,4.3,,
2026-04-11T09:00:00.000Z,1.4,0,174,4.9,,
2026-04-11T10:00:00.000Z,2.2,0,158,5.2,,
2026-04-11T11:00:00.000Z,2.8,0,160,4.9,,
2026-04-11T12:00:00.000Z,3.4,0,163,6.8,,
2026-04-11T13:00:00.000Z,3.6,0,170,6.1,,
2026-04-11T14:00:00.000Z,4.1,0,174,4.9,,
2026-04-11T15:00:00.000Z,3.8,0,161,5.3,,
2026-04-11T16:00:00.000Z,3.3,0,141,5.8,,
2026-04-11T17:00:00.000Z,2.8,0,145,5.1,,
2026-04-11T18:00:00.000Z,1.5,0,141,4.2,,
2026-04-11T19:00:00.000Z,0.6,0,150,5.3,,
2026-04-11T20:00:00.000Z,-0.5,0,163,5,,
2026-04-11T21:00:00.000Z,-1.7,0,159,5.2,,
2026-04-11T22:00:00.000Z,-2.6,0,154,3.5,,
2026-04-11T23:00:00.000Z,-3.1,0,191,3.6,,
2026-04-12T00:00:00.000Z,-3.7,0,179,3.4,,
2026-04-12T01:00:00.000Z,-3.7,0,174,4.3,,
2026-04-12T02:00:00.000Z,-4.4,0,177,4.4,,
2026-04-12T03:00:00.000Z,-5,0,189,3.9,,
2026-04-12T04:00:00.000Z,-4.6,0,174,4.8,,
2026-04-12T05:00:00.000Z,-4.2,0,172,4.4,,
2026-04-12T06:00:00.000Z,-2.8,0,171,4.4,,
2026-04-12T07:00:00.000Z,-1.4,0,159,6.3,,
2026-04-12T08:00:00.000Z,0.6,0,163,6.4,,
2026-04-12T09:00:00.000Z,1.4,0,162,7.7,,
2026-04-12T10:00:00.000Z,2.4,0,149,6.8,,
2026-04-12T11:00:00.000Z,3.1,0,146,6.9,,
2026-04-12T12:00:00.000Z,3.1,0,149,7.1,,
2026-04-12T13:00:00.000Z,3.9,0,144,5.9,,
2026-04-12T14:00:00.000Z,4.3,0,138,5.2,,
2026-04-12T15:00:00.000Z,4.6,0,140,5.8,,
2026-04-12T16:00:00.000Z,4.4,0,139,6,,
2026-04-12T17:00:00.000Z,3.3,0,146,4.7,,
2026-04-12T18:00:00.000Z,2.5,0,145,3.8,,
2026-04-12T19:00:00.000Z,1.8,0,155,5,,
2026-04-12T20:00:00.000Z,0.6,0,158,4.4,,
2026-04-12T21:00:00.000Z,-0.4,0,168,4.3,,
2026-04-12T22:00:00.000Z,-0.4,0,181,4.4,,
2026-04-12T23:00:00.000Z,-1,0,172,3.9,,
2026-04-13T00:00:00.000Z,-1.1,0,193,3.7,,
2026-04-13T01:00:00.000Z,-0.8,0,202,4.1,,
2026-04-13T02:00:00.000Z,-1,0,203,4.2,,
2026-04-13T03:00:00.000Z,-1.3,0,186,3.9,,
2026-04-13T04:00:00.000Z,-1.7,0,187,3.9,,
2026-04-13T05:00:00.000Z,-1.7,0,190,3.4,,
2026-04-13T06:00:00.000Z,-0.6,0,184,3.5,,
2026-04-13T07:00:00.000Z,0.2,0,186,4.4,,
2026-04-13T08:00:00.000Z,2.3,0,178,3.8,,
2026-04-13T09:00:00.000Z,3.5,0,164,4.8,,
2026-04-13T10:00:00.000Z,4.1,0,168,4.7,,
2026-04-13T11:00:00.000Z,3.7,0,163,5.7,,
2026-04-13T12:00:00.000Z,3.9,0,187,5.3,,
2026-04-13T13:00:00.000Z,5.3,0,185,4.7,,
2026-04-13T14:00:00.000Z,5.6,0,170,4.3,,
2026-04-13T15:00:00.000Z,5.3,0,161,4.9,,
2026-04-13T16:00:00.000Z,5.4,0,161,4.3,,
2026-04-13T17:00:00.000Z,4.8,0,161,3.4,,
2026-04-13T18:00:00.000Z,4.5,0,162,3.8,,
2026-04-13T19:00:00.000Z,3.2,0,139,4.6,,
2026-04-13T20:00:00.000Z,2.5,0,154,4.8,,
2026-04-13T21:00:00.000Z,2.1,0,159,4.2,,
2026-04-13T22:00:00.000Z,2.2,0,166,4.3,,
2026-04-13T23:00:00.000Z,1,0,167,2.6,,
2026-04-14T00:00:00.000Z,1.1,0,177,2.6,,
2026-04-14T01:00:00.000Z,0.9,0,172,3,,
2026-04-14T02:00:00.000Z,0.1,0,171,2.4,,
2026-04-14T03:00:00.000Z,-0.5,0,180,2.5,,
2026-04-14T04:00:00.000Z,-0.4,0,172,3.7,,
2026-04-14T05:00:00.000Z,-0.6,0,177,3.4,,
2026-04-14T06:00:00.000Z,0.1,0,179,4,,
2026-04-14T07:00:00.000Z,1.4,0,151,4.1,,
2026-04-14T08:00:00.000Z,3.3,0,139,4.9,,
2026-04-14T09:00:00.000Z,3,0,137,5.3,,
2026-04-14T10:00:00.000Z,3.1,0,140,6.3,,
2026-04-14T11:00:00.000Z,3.9,0,141,6.6,,
2026-04-14T12:00:00.000Z,4.5,0,140,5.7,,
2026-04-14T13:00:00.000Z,4.6,0,136,4.7,,
2026-04-14T14:00:00.000Z,4.3,0,137,5.5,,
2026-04-14T15:00:00.000Z,4.1,0,132,4.4,,
2026-04-14T16:00:00.000Z,3.6,0,119,3.5,,
2026-04-14T17:00:00.000Z,3.3,0,121,4.6,,
2026-04-14T18:00:00.000Z,2.7,0,125,4.3,,
2026-04-14T19:00:00.000Z,2,0,136,5,,
2026-04-14T20:00:00.000Z,1.3,0,141,3.6,,
2026-04-14T21:00:00.000Z,0.7,0,153,3.8,,
2026-04-14T22:00:00.000Z,-0.1,0,136,2,,
2026-04-14T23:00:00.000Z,-0.7,0,156,2.7,,
2026-04-15T00:00:00.000Z,-0.5,0,181,3.3,,
2026-04-15T01:00:00.000Z,-1.1,0,196,2.9,,
2026-04-15T02:00:00.000Z,-1.7,0,166,2.6,,
2026-04-15T03:00:00.000Z,-1.3,0,202,3.1,,
2026-04-15T04:00:00.000Z,-1.4,0,180,3,,
2026-04-15T05:00:00.000Z,-0.6,0,186,3.2,,
2026-04-15T06:00:00.000Z,0.6,0,183,2.8,,
2026-04-15T07:00:00.000Z,1.7,0,143,3.2,,
2026-04-15T08:00:00.000Z,2.9,0,163,2.8,,
2026-04-15T09:00:00.000Z,3.6,0,147,2.6,,
2026-04-15T10:00:00.000Z,4.2,0,127,3.4,,
2026-04-15T11:00:00.000Z,4.5,0,127,2.9,,
2026-04-15T12:00:00.000Z,5.7,0,148,3,,
2026-04-15T13:00:00.000Z,6.2,0,142,2.7,,
2026-04-15T14:00:00.000Z,6.5,0,164,2.5,,
2026-04-15T15:00:00.000Z,6.7,0,154,3.3,,
2026-04-15T16:00:00.000Z,6.7,0,137,2.8,,
2026-04-15T17:00:00.000Z,5.8,0,143,2.9,,
2026-04-15T18:00:00.000Z,4.8,0,132,2.5,,
2026-04-15T19:00:00.000Z,4,0,139,2.9,,
2026-04-15T20:00:00.000Z,3.3,0,145,3,,
2026-04-15T21:00:00.000Z,2.2,0,184,3.3,,
2026-04-15T22:00:00.000Z,2.1,0,175,3.8,,
2026-04-15T23:00:00.000Z,2.1,0,179,2.9,,
2026-04-16T00:00:00.000Z,2.1,0,193,3.1,,
2026-04-16T01:00:00.000Z,2.1,0,189,2.7,,
2026-04-16T02:00:00.000Z,1.6,0,206,2.3,,
2026-04-16T03:00:00.000Z,1.6,0,188,1.8,,
2026-04-16T04:00:00.000Z,1,0,175,2.5,,
2026-04-16T05:00:00.000Z,1.1,0,180,2.8,,
2026-04-16T06:00:00.000Z,2.7,0,202,2.7,,
2026-04-16T07:00:00.000Z,3.9,0,191,2.3,,
2026-04-16T08:00:00.000Z,4.9,0,182,3.7,,
2026-04-16T09:00:00.000Z,5.9,0,171,3.8,,
2026-04-16T10:00:00.000Z,6.6,0,163,4.4,,
2026-04-16T11:00:00.000Z,7.2,0,152,4.6,,
2026-04-16T12:00:00.000Z,7.7,0,163,4.2,,
2026-04-16T13:00:00.000Z,7.8,0,145,5.4,,
2026-04-16T14:00:00.000Z,8.2,0,165,4.3,,
2026-04-16T15:00:00.000Z,8.1,0,153,3.6,,
2026-04-16T16:00:00.000Z,7.5,0,153,3.7,,
2026-04-16T17:00:00.000Z,7.1,0,148,3.9,,
2026-04-16T18:00:00.000Z,6.1,0,144,4.2,,
2026-04-16T19:00:00.000Z,5.2,0,161,4,,
2026-04-16T20:00:00.000Z,4.4,0,180,3.7,,
2026-04-16T21:00:00.000Z,3.8,0,188,3.4,,
2026-04-16T22:00:00.000Z,3.9,0,187,3.4,,
2026-04-16T23:00:00.000Z,3.3,0,192,3.4,,
2026-04-17T00:00:00.000Z,3.4,0,187,3.7,,
2026-04-17T01:00:00.000Z,3.1,0,189,3.2,,
2026-04-17T02:00:00.000Z,2.9,0,213,3,,
2026-04-17T03:00:00.000Z,3.2,0,216,3.5,,
2026-04-17T04:00:00.000Z,2.9,0,215,3.4,,
2026-04-17T05:00:00.000Z,4.5,0,228,2.2,,
2026-04-17T06:00:00.000Z,5.9,0,221,1.8,,
2026-04-17T07:00:00.000Z,7,0,204,1.8,,
